Handle,Title,Body (HTML),Vendor,Type,Tags,Published,Option1 Name,Option1 Value,Variant SKU,Variant Grams,Variant Inventory Tracker,Variant Inventory Qty,Variant Inventory Policy,Variant Fulfillment Service,Variant Price,Variant Compare At Price,Variant Requires Shipping,Variant Taxable,Image Src,Image Position,Image Alt Text,Status
"grove-six-dwc-system","Grove Six Deep Water Culture System","<p>A six-site DWC tub for lettuce, basil, and compact tomatoes. Air stones keep roots oxygenated; the lid is marked so you can stagger plantings instead of harvesting everything on the same Tuesday.</p><p><strong>Is this right for me?</strong> Choose this if you want a first hydroponic harvest without plumbing a greenhouse. It is not for 20 fruiting tomatoes.</p><ul><li>Sites: 6</li><li>Reservoir: 8 gal</li><li>Method: Deep Water Culture</li><li>Power: Air pump, 120V</li></ul>","HarvestHome","Hydroponics","hydroponics, dwc, beginner, lettuce, herbs, indoor, food","TRUE","Title","Default","HH-0001","8165","shopify","14","deny","manual","189.00","219.00","TRUE","TRUE","https://raw.githubusercontent.com/arcmonay/sylvara/main/public/products/grove-six-dwc-system.webp","1","Grove Six Deep Water Culture System","active"
"grove-six-dwc-system","","","","","","","","","","","","","","","","","","","https://raw.githubusercontent.com/arcmonay/sylvara/main/public/products/grove-six-dwc-system-2.webp","2","Grove Six Deep Water Culture System",""
"grove-six-dwc-system","","","","","","","","","","","","","","","","","","","https://raw.githubusercontent.com/arcmonay/sylvara/main/public/products/grove-six-dwc-system-3.webp","3","Grove Six Deep Water Culture System",""
"channel-twelve-nft","Channel Twelve NFT Gutter System","<p>Twelve planting sites on a gentle nutrient film. Built for leafy greens in a greenhouse bench or spare room — a production rhythm, not a science fair.</p><p><strong>Is this right for me?</strong> Right if you already understand reservoirs and want continuous lettuce. Skip it as a first hydroponic toy.</p><ul><li>Channels: 2 × 6 sites</li><li>Length: 8 ft</li><li>Method: NFT</li></ul>","HarvestHome","Hydroponics","hydroponics, nft, lettuce, commercial, greenhouse","TRUE","Title","Default","HH-0002","14515","shopify","15","deny","manual","429.00","","TRUE","TRUE","https://raw.githubusercontent.com/arcmonay/sylvara/main/public/products/channel-twelve-nft.webp","1","Channel Twelve NFT Gutter System","active"
"channel-twelve-nft","","","","","","","","","","","","","","","","","","","https://raw.githubusercontent.com/arcmonay/sylvara/main/public/products/channel-twelve-nft-2.webp","2","Channel Twelve NFT Gutter System",""
"channel-twelve-nft","","","","","","","","","","","","","","","","","","","https://raw.githubusercontent.com/arcmonay/sylvara/main/public/products/channel-twelve-nft-3.webp","3","Channel Twelve NFT Gutter System",""
"flood-tray-ebb","Flood Tray Ebb & Flow Bench Kit","<p>A 4×4 flood-and-drain tray with a timer and fitting pack. Fill, drain, repeat — the most forgiving way to run pots of media on a bench.</p><p><strong>Is this right for me?</strong> Buy this when you want potted hydroponics without babysitting drip emitters all week.</p><ul><li>Tray: 4 × 4 ft</li><li>Cycle: Timer-controlled flood</li></ul>","HarvestHome","Hydroponics","hydroponics, ebb-flow, tray, media","TRUE","Title","Default","HH-0003","10886","shopify","16","deny","manual","268.00","","TRUE","TRUE","https://raw.githubusercontent.com/arcmonay/sylvara/main/public/products/flood-tray-ebb.webp","1","Flood Tray Ebb & Flow Bench Kit","active"
"flood-tray-ebb","","","","","","","","","","","","","","","","","","","https://raw.githubusercontent.com/arcmonay/sylvara/main/public/products/flood-tray-ebb-2.webp","2","Flood Tray Ebb & Flow Bench Kit",""
"flood-tray-ebb","","","","","","","","","","","","","","","","","","","https://raw.githubusercontent.com/arcmonay/sylvara/main/public/products/flood-tray-ebb-3.webp","3","Flood Tray Ebb & Flow Bench Kit",""
"drip-rail-hydro","Drip Rail Hydroponic Kit","<p>A 12-site drip manifold for Dutch-bucket or coco bags. Each plant gets its own stake dripper so fruiting crops do not share a swamp.</p><p><strong>Is this right for me?</strong> For tomatoes, cucumbers, and peppers in a greenhouse — not for a first basil jar.</p><ul><li>Sites: 12</li><li>Line: 1/4 in drip</li></ul>","HarvestHome","Hydroponics","hydroponics, drip, tomato, coco","TRUE","Title","Default","HH-0004","2722","shopify","17","deny","manual","154.00","","TRUE","TRUE","https://raw.githubusercontent.com/arcmonay/sylvara/main/public/products/drip-rail-hydro.webp","1","Drip Rail Hydroponic Kit","active"
"drip-rail-hydro","","","","","","","","","","","","","","","","","","","https://raw.githubusercontent.com/arcmonay/sylvara/main/public/products/drip-rail-hydro-2.webp","2","Drip Rail Hydroponic Kit",""
"drip-rail-hydro","","","","","","","","","","","","","","","","","","","https://raw.githubusercontent.com/arcmonay/sylvara/main/public/products/drip-rail-hydro-3.webp","3","Drip Rail Hydroponic Kit",""
"mist-cloner-35","Mist Cloner 35 Aeroponic Propagator","<p>Thirty-five sites under a fine root-zone mist. Cuttings root without a soil-borne mess, then move into DWC, NFT, or a greenhouse bench.</p><p><strong>Is this right for me?</strong> If you already have a mother plant or want to multiply herbs. Not a full food system by itself.</p><ul><li>Sites: 35</li><li>Method: Aeroponic mist</li></ul>","HarvestHome","Hydroponics","hydroponics, aeroponics, propagation, cloner","TRUE","Title","Default","HH-0005","6350","shopify","18","deny","manual","219.00","","TRUE","TRUE","https://raw.githubusercontent.com/arcmonay/sylvara/main/public/products/mist-cloner-35.webp","1","Mist Cloner 35 Aeroponic Propagator","active"
"mist-cloner-35","","","","","","","","","","","","","","","","","","","https://raw.githubusercontent.com/arcmonay/sylvara/main/public/products/mist-cloner-35-2.webp","2","Mist Cloner 35 Aeroponic Propagator",""
"mist-cloner-35","","","","","","","","","","","","","","","","","","","https://raw.githubusercontent.com/arcmonay/sylvara/main/public/products/mist-cloner-35-3.webp","3","Mist Cloner 35 Aeroponic Propagator",""
"cistern-20","Cistern 20 Reservoir","<p>A 20-gallon food-grade reservoir with a marked lid and bulkhead ready for a pump. The workhorse tank under NFT, drip, and flood trays.</p><p><strong>Is this right for me?</strong> You need this if your system did not include a tank, or you outgrew the one it came with.</p><ul><li>Capacity: 20 gal</li><li>Material: Food-grade HDPE</li></ul>","HarvestHome","Hydroponics","hydroponics, reservoir, tank","TRUE","Title","Default","HH-0006","3629","shopify","19","deny","manual","79.00","","TRUE","TRUE","https://raw.githubusercontent.com/arcmonay/sylvara/main/public/products/cistern-20.webp","1","Cistern 20 Reservoir","active"
"cistern-20","","","","","","","","","","","","","","","","","","","https://raw.githubusercontent.com/arcmonay/sylvara/main/public/products/cistern-20-2.webp","2","Cistern 20 Reservoir",""
"cistern-20","","","","","","","","","","","","","","","","","","","https://raw.githubusercontent.com/arcmonay/sylvara/main/public/products/cistern-20-3.webp","3","Cistern 20 Reservoir",""
"cistern-40","Cistern 40 Reservoir","<p>Forty gallons for fruiting rows and small commercial benches. Extra headroom so you are not mixing nutrients every other morning.</p><p><strong>Is this right for me?</strong> Serious greenhouse or multi-channel NFT. Overkill for a six-site DWC.</p><ul><li>Capacity: 40 gal</li><li>Material: Food-grade HDPE</li></ul>","HarvestHome","Hydroponics","hydroponics, reservoir, commercial","TRUE","Title","Default","HH-0007","6350","shopify","20","deny","manual","129.00","","TRUE","TRUE","https://raw.githubusercontent.com/arcmonay/sylvara/main/public/products/cistern-40.webp","1","Cistern 40 Reservoir","active"
"cistern-40","","","","","","","","","","","","","","","","","","","https://raw.githubusercontent.com/arcmonay/sylvara/main/public/products/cistern-40-2.webp","2","Cistern 40 Reservoir",""
"cistern-40","","","","","","","","","","","","","","","","","","","https://raw.githubusercontent.com/arcmonay/sylvara/main/public/products/cistern-40-3.webp","3","Cistern 40 Reservoir",""
"flow-pump-400","Flow Pump 400 GPH","<p>A quiet magnetic-drive pump for NFT channels, drip rails, and flood trays. Rated for nutrient solution, not pond sludge.</p><p><strong>Is this right for me?</strong> Match it to a 20-gallon reservoir and a short run of tubing. For long greenhouse mains, step up.</p><ul><li>Flow: 400 GPH</li><li>Voltage: 120V</li></ul>","HarvestHome","Hydroponics","hydroponics, pump, irrigation","TRUE","Title","Default","HH-0008","1361","shopify","21","deny","manual","48.00","","TRUE","TRUE","https://raw.githubusercontent.com/arcmonay/sylvara/main/public/products/flow-pump-400.webp","1","Flow Pump 400 GPH","active"
"flow-pump-400","","","","","","","","","","","","","","","","","","","https://raw.githubusercontent.com/arcmonay/sylvara/main/public/products/flow-pump-400-2.webp","2","Flow Pump 400 GPH",""
"flow-pump-400","","","","","","","","","","","","","","","","","","","https://raw.githubusercontent.com/arcmonay/sylvara/main/public/products/flow-pump-400-3.webp","3","Flow Pump 400 GPH",""
"dual-air-pump","Dual Outlet Air Pump","<p>Two outlets, one pump — enough air for a six-site DWC or a pair of clone totes. Rubber feet keep it from walking off the shelf.</p><p><strong>Is this right for me?</strong> Required for DWC. Optional everywhere else.</p><ul><li>Outlets: 2</li><li>Use: DWC / reservoir oxygenation</li></ul>","HarvestHome","Hydroponics","hydroponics, air pump, dwc","TRUE","Title","Default","HH-0009","907","shopify","22","deny","manual","36.00","","TRUE","TRUE","https://raw.githubusercontent.com/arcmonay/sylvara/main/public/products/dual-air-pump.webp","1","Dual Outlet Air Pump","active"
"dual-air-pump","","","","","","","","","","","","","","","","","","","https://raw.githubusercontent.com/arcmonay/sylvara/main/public/products/dual-air-pump-2.webp","2","Dual Outlet Air Pump",""
"dual-air-pump","","","","","","","","","","","","","","","","","","","https://raw.githubusercontent.com/arcmonay/sylvara/main/public/products/dual-air-pump-3.webp","3","Dual Outlet Air Pump",""
"stone-four-pack","Air Stone Four-Pack","<p>Cylinder stones that break a pump’s roar into a fine bubble curtain. Replace them when they clog — they are cheap on purpose.</p><p><strong>Is this right for me?</strong> A consumable. Buy it with the air pump, not as a standalone hobby.</p><ul><li>Count: 4</li><li>Shape: Cylinder</li></ul>","HarvestHome","Hydroponics","hydroponics, air stones, dwc","TRUE","Title","Default","HH-0010","454","shopify","23","deny","manual","14.00","","TRUE","TRUE","https://raw.githubusercontent.com/arcmonay/sylvara/main/public/products/stone-four-pack.webp","1","Air Stone Four-Pack","active"
"stone-four-pack","","","","","","","","","","","","","","","","","","","https://raw.githubusercontent.com/arcmonay/sylvara/main/public/products/stone-four-pack-2.webp","2","Air Stone Four-Pack",""
"stone-four-pack","","","","","","","","","","","","","","","","","","","https://raw.githubusercontent.com/arcmonay/sylvara/main/public/products/stone-four-pack-3.webp","3","Air Stone Four-Pack",""
"hydro-tube-50","Hydro Tubing 50 ft","<p>Black 1/2-inch tubing that does not light-strike algae into your lines. Cut it, clamp it, forget it.</p><p><strong>Is this right for me?</strong> You will need extra length the moment the reservoir is not directly under the tray.</p><ul><li>Length: 50 ft</li><li>ID: 1/2 in</li><li>Color: Light-proof black</li></ul>","HarvestHome","Hydroponics","hydroponics, tubing, irrigation","TRUE","Length","25 ft","HH-0011","1361","shopify","24","deny","manual","22.00","","TRUE","TRUE","https://raw.githubusercontent.com/arcmonay/sylvara/main/public/products/hydro-tube-50.webp","1","Hydro Tubing 50 ft","active"
"hydro-tube-50","","","","","","","","","","","","","","","","","","","https://raw.githubusercontent.com/arcmonay/sylvara/main/public/products/hydro-tube-50-2.webp","2","Hydro Tubing 50 ft",""
"hydro-tube-50","","","","","","","","","","","","","","","","","","","https://raw.githubusercontent.com/arcmonay/sylvara/main/public/products/hydro-tube-50-3.webp","3","Hydro Tubing 50 ft",""
"net-pot-50","Net Pots 3-inch, 50-pack","<p>The standard 3-inch basket for DWC lids, NFT holes, and clone collars. Buy the pack; you will lose three under the bench.</p><p><strong>Is this right for me?</strong> A refill, not a system. Pair with clay pebbles or coco plugs.</p><ul><li>Size: 3 in</li><li>Count: 50</li></ul>","HarvestHome","Hydroponics","hydroponics, net pots, propagation","TRUE","Title","Default","HH-0012","907","shopify","25","deny","manual","18.00","","TRUE","TRUE","https://raw.githubusercontent.com/arcmonay/sylvara/main/public/products/net-pot-50.webp","1","Net Pots 3-inch, 50-pack","active"
"net-pot-50","","","","","","","","","","","","","","","","","","","https://raw.githubusercontent.com/arcmonay/sylvara/main/public/products/net-pot-50-2.webp","2","Net Pots 3-inch, 50-pack",""
"net-pot-50","","","","","","","","","","","","","","","","","","","https://raw.githubusercontent.com/arcmonay/sylvara/main/public/products/net-pot-50-3.webp","3","Net Pots 3-inch, 50-pack",""
"flood-tray-4x4","Hydroponic Flood Tray 4×4","<p>A rigid 4×4 tray with a drain fitting. Use it as an ebb-and-flow table, a leak catcher under DWC, or a greenhouse bench liner.</p><p><strong>Is this right for me?</strong> If your bench is wood or you are tired of leaks. Not a complete system.</p><ul><li>Size: 4 × 4 ft</li><li>Drain: 1 in fitting</li></ul>","HarvestHome","Hydroponics","hydroponics, tray, greenhouse","TRUE","Title","Default","HH-0013","5443","shopify","26","deny","manual","96.00","","TRUE","TRUE","https://raw.githubusercontent.com/arcmonay/sylvara/main/public/products/flood-tray-4x4.webp","1","Hydroponic Flood Tray 4×4","active"
"flood-tray-4x4","","","","","","","","","","","","","","","","","","","https://raw.githubusercontent.com/arcmonay/sylvara/main/public/products/flood-tray-4x4-2.webp","2","Hydroponic Flood Tray 4×4",""
"flood-tray-4x4","","","","","","","","","","","","","","","","","","","https://raw.githubusercontent.com/arcmonay/sylvara/main/public/products/flood-tray-4x4-3.webp","3","Hydroponic Flood Tray 4×4",""
"clay-pebble-10l","Clay Pebble Media, 10 L","<p>Rinsed expanded clay for net pots and drip buckets. Reusable after a hot wash — the opposite of a peat habit.</p><p><strong>Is this right for me?</strong> The default media if you do not want coco dust in your reservoir.</p><ul><li>Volume: 10 L</li><li>Material: Expanded clay</li></ul>","HarvestHome","Hydroponics","hydroponics, media, clay, leca","TRUE","Title","Default","HH-0014","5443","shopify","27","deny","manual","24.00","","TRUE","TRUE","https://raw.githubusercontent.com/arcmonay/sylvara/main/public/products/clay-pebble-10l.webp","1","Clay Pebble Media, 10 L","active"
"clay-pebble-10l","","","","","","","","","","","","","","","","","","","https://raw.githubusercontent.com/arcmonay/sylvara/main/public/products/clay-pebble-10l-2.webp","2","Clay Pebble Media, 10 L",""
"clay-pebble-10l","","","","","","","","","","","","","","","","","","","https://raw.githubusercontent.com/arcmonay/sylvara/main/public/products/clay-pebble-10l-3.webp","3","Clay Pebble Media, 10 L",""
"coco-brick-pair","Coco Coir Brick Pair","<p>Two compressed bricks that expand into a buffered coco mix for bags, pots, and seed starting. Holds water without turning to soup.</p><p><strong>Is this right for me?</strong> Use it when you want a soil-like feel without digging a bed.</p><ul><li>Count: 2 bricks</li><li>Hydrated: ~10 L each</li></ul>","HarvestHome","Hydroponics","hydroponics, coco, media, soil, seed starting","TRUE","Title","Default","HH-0015","2268","shopify","28","deny","manual","16.00","","TRUE","TRUE","https://raw.githubusercontent.com/arcmonay/sylvara/main/public/products/coco-brick-pair.webp","1","Coco Coir Brick Pair","active"
"coco-brick-pair","","","","","","","","","","","","","","","","","","","https://raw.githubusercontent.com/arcmonay/sylvara/main/public/products/coco-brick-pair-2.webp","2","Coco Coir Brick Pair",""
"pocket-ph-meter","Pocket pH Meter","<p>A waterproof pen you actually keep by the reservoir. Hydroponics without pH is just expensive water.</p><p><strong>Is this right for me?</strong> Everyone running hydroponics or mixing liquid fertilizer. Optional for a rain-fed raised bed.</p><ul><li>Range: 0–14 pH</li><li>Waterproof: Yes</li></ul>","HarvestHome","Hydroponics","hydroponics, ph, meter, water","TRUE","Title","Default","HH-0016","181","shopify","29","deny","manual","34.00","","TRUE","TRUE","https://raw.githubusercontent.com/arcmonay/sylvara/main/public/products/pocket-ph-meter.webp","1","Pocket pH Meter","active"
"pocket-ph-meter","","","","","","","","","","","","","","","","","","","https://raw.githubusercontent.com/arcmonay/sylvara/main/public/products/pocket-ph-meter-2.webp","2","Pocket pH Meter",""
"pocket-ph-meter","","","","","","","","","","","","","","","","","","","https://raw.githubusercontent.com/arcmonay/sylvara/main/public/products/pocket-ph-meter-3.webp","3","Pocket pH Meter",""
"ec-pen","EC / TDS Pen","<p>Reads electrical conductivity so you know if the reservoir is soup or tea. Pair it with the pH pen; they live in the same cup.</p><p><strong>Is this right for me?</strong> Necessary once you feed fruiting plants. Nice-to-have for lettuce.</p><ul><li>Reads: EC and TDS</li><li>Units: mS/cm, ppm</li></ul>","HarvestHome","Hydroponics","hydroponics, ec, tds, meter","TRUE","Title","Default","HH-0017","181","shopify","30","deny","manual","32.00","","TRUE","TRUE","https://raw.githubusercontent.com/arcmonay/sylvara/main/public/products/ec-pen.webp","1","EC / TDS Pen","active"
"ec-pen","","","","","","","","","","","","","","","","","","","https://raw.githubusercontent.com/arcmonay/sylvara/main/public/products/ec-pen-2.webp","2","EC / TDS Pen",""
"ec-pen","","","","","","","","","","","","","","","","","","","https://raw.githubusercontent.com/arcmonay/sylvara/main/public/products/ec-pen-3.webp","3","EC / TDS Pen",""
"canister-filter","Canister Water Filter","<p>A 10-inch sediment canister for well water, rain barrels, and greenhouse mains. Emitters last longer when grit never meets them.</p><p><strong>Is this right for me?</strong> If your water is from a well, a barrel, or an old house main. City water often skips this.</p><ul><li>Size: 10 in</li><li>Micron: 50</li></ul>","HarvestHome","Hydroponics","hydroponics, filter, irrigation, water","TRUE","Title","Default","HH-0018","1814","shopify","31","deny","manual","54.00","","TRUE","TRUE","https://raw.githubusercontent.com/arcmonay/sylvara/main/public/products/canister-filter.webp","1","Canister Water Filter","active"
"canister-filter","","","","","","","","","","","","","","","","","","","https://raw.githubusercontent.com/arcmonay/sylvara/main/public/products/canister-filter-2.webp","2","Canister Water Filter",""
"canister-filter","","","","","","","","","","","","","","","","","","","https://raw.githubusercontent.com/arcmonay/sylvara/main/public/products/canister-filter-3.webp","3","Canister Water Filter",""
"ph-adjust-kit","pH Adjust Kit","<p>Food-crop pH up and down in two marked bottles, plus a testing vial. Small doses. No swimming-pool chemistry.</p><p><strong>Is this right for me?</strong> A consumable next to the pH meter. You will use it.</p><ul><li>Includes: pH up, pH down, vial</li></ul>","HarvestHome","Hydroponics","hydroponics, ph, water treatment","TRUE","Title","Default","HH-0019","907","shopify","32","deny","manual","19.00","","TRUE","TRUE","https://raw.githubusercontent.com/arcmonay/sylvara/main/public/products/ph-adjust-kit.webp","1","pH Adjust Kit","active"
"ph-adjust-kit","","","","","","","","","","","","","","","","","","","https://raw.githubusercontent.com/arcmonay/sylvara/main/public/products/ph-adjust-kit-2.webp","2","pH Adjust Kit",""
"ph-adjust-kit","","","","","","","","","","","","","","","","","","","https://raw.githubusercontent.com/arcmonay/sylvara/main/public/products/ph-adjust-kit-3.webp","3","pH Adjust Kit",""
"lumen-bar-150","Lumen Bar 150 Full-Spectrum LED","<p>A 150-watt bar for a 2×4 of greens or a pair of fruiting plants. The spectrum is written for food, not for a nightclub.</p><p><strong>Is this right for me?</strong> Right for a closet, spare room, or dark apartment. A sunny south window may not need it.</p><ul><li>Draw: 150W</li><li>Coverage: 2 × 4 ft veg / 2 × 2 ft flower</li><li>Spectrum: Full, 3000–5000K mix</li></ul>","HarvestHome","Indoor Growing","indoor, led, lights, herbs, year-round","TRUE","Output","150W","HH-0020","2722","shopify","33","deny","manual","179.00","","TRUE","TRUE","https://raw.githubusercontent.com/arcmonay/sylvara/main/public/products/lumen-bar-150.webp","1","Lumen Bar 150 Full-Spectrum LED","active"
"lumen-bar-150","","","","","","","","","","","","","","","","","","","https://raw.githubusercontent.com/arcmonay/sylvara/main/public/products/lumen-bar-150-2.webp","2","Lumen Bar 150 Full-Spectrum LED",""
"lumen-bar-150","","","","","","","","","","","","","","","","","","","https://raw.githubusercontent.com/arcmonay/sylvara/main/public/products/lumen-bar-150-3.webp","3","Lumen Bar 150 Full-Spectrum LED",""
"lumen-bar-300","Lumen Bar 300 Full-Spectrum LED","<p>Three hundred watts for a 4×4 of serious indoor food — tomatoes, peppers, or a dense sea of greens.</p><p><strong>Is this right for me?</strong> If you already have a 4×4 tent. Too much light (and heat) for a kitchen herb jar.</p><ul><li>Draw: 300W</li><li>Coverage: 4 × 4 ft</li></ul>","HarvestHome","Indoor Growing","indoor, led, lights, advanced","TRUE","Title","Default","HH-0021","4990","shopify","34","deny","manual","329.00","","TRUE","TRUE","https://raw.githubusercontent.com/arcmonay/sylvara/main/public/products/lumen-bar-300.webp","1","Lumen Bar 300 Full-Spectrum LED","active"
"lumen-bar-300","","","","","","","","","","","","","","","","","","","https://raw.githubusercontent.com/arcmonay/sylvara/main/public/products/lumen-bar-300-2.webp","2","Lumen Bar 300 Full-Spectrum LED",""
"lumen-bar-300","","","","","","","","","","","","","","","","","","","https://raw.githubusercontent.com/arcmonay/sylvara/main/public/products/lumen-bar-300-3.webp","3","Lumen Bar 300 Full-Spectrum LED",""
"propagate-bar","Propagate Bar Seedling Light","<p>A slim 40-watt bar that sits over trays without cooking them. For seed starting in February, not for fruiting tomatoes.</p><p><strong>Is this right for me?</strong> If you start seeds on a shelf. A full LED bar is wasted here.</p><ul><li>Draw: 40W</li><li>Length: 24 in</li></ul>","HarvestHome","Indoor Growing","indoor, seed starting, propagation, beginner","TRUE","Title","Default","HH-0022","907","shopify","35","deny","manual","64.00","","TRUE","TRUE","https://raw.githubusercontent.com/arcmonay/sylvara/main/public/products/propagate-bar.webp","1","Propagate Bar Seedling Light","active"
"propagate-bar","","","","","","","","","","","","","","","","","","","https://raw.githubusercontent.com/arcmonay/sylvara/main/public/products/propagate-bar-2.webp","2","Propagate Bar Seedling Light",""
"propagate-bar","","","","","","","","","","","","","","","","","","","https://raw.githubusercontent.com/arcmonay/sylvara/main/public/products/propagate-bar-3.webp","3","Propagate Bar Seedling Light",""
"canopy-tent-24","Canopy Tent 2×4","<p>A 2×4 tent with a reflective interior and two ports. Enough for herbs, greens, and a pair of compact fruiting plants without taking the guest room.</p><p><strong>Is this right for me?</strong> Apartments and spare closets. Not a greenhouse replacement.</p><ul><li>Size: 24 × 48 × 60 in</li><li>Ports: 2</li></ul>","HarvestHome","Indoor Growing","indoor, tent, small-space","TRUE","Title","Default","HH-0023","7257","shopify","36","deny","manual","119.00","","TRUE","TRUE","https://raw.githubusercontent.com/arcmonay/sylvara/main/public/products/canopy-tent-24.webp","1","Canopy Tent 2×4","active"
"canopy-tent-24","","","","","","","","","","","","","","","","","","","https://raw.githubusercontent.com/arcmonay/sylvara/main/public/products/canopy-tent-24-2.webp","2","Canopy Tent 2×4",""
"canopy-tent-24","","","","","","","","","","","","","","","","","","","https://raw.githubusercontent.com/arcmonay/sylvara/main/public/products/canopy-tent-24-3.webp","3","Canopy Tent 2×4",""
"canopy-tent-44","Canopy Tent 4×4","<p>A 4×4 working room for year-round food. Pole joints are steel; the floor tray is welded into the design, not an afterthought.</p><p><strong>Is this right for me?</strong> If you are committing to indoor tomatoes or a dense green wall. Measure the room first.</p><ul><li>Size: 48 × 48 × 80 in</li></ul>","HarvestHome","Indoor Growing","indoor, tent, serious","TRUE","Title","Default","HH-0024","12701","shopify","37","deny","manual","189.00","","TRUE","TRUE","https://raw.githubusercontent.com/arcmonay/sylvara/main/public/products/canopy-tent-44.webp","1","Canopy Tent 4×4","active"
"canopy-tent-44","","","","","","","","","","","","","","","","","","","https://raw.githubusercontent.com/arcmonay/sylvara/main/public/products/canopy-tent-44-2.webp","2","Canopy Tent 4×4",""
"four-tier-shelf","Four-Tier Growing Shelf","<p>A powder-coated rack with light bars on two levels. The indoor equivalent of a cold frame — herbs above, seedlings below.</p><p><strong>Is this right for me?</strong> The most mainstream indoor setup we sell. If you cook, this earns its footprint.</p><ul><li>Tiers: 4</li><li>Lights: 2 full-spectrum bars</li><li>Footprint: 30 × 14 in</li></ul>","HarvestHome","Indoor Growing","indoor, shelf, herbs, beginner, apartment","TRUE","Title","Default","HH-0025","17236","shopify","38","deny","manual","249.00","","TRUE","TRUE","https://raw.githubusercontent.com/arcmonay/sylvara/main/public/products/four-tier-shelf.webp","1","Four-Tier Growing Shelf","active"
"four-tier-shelf","","","","","","","","","","","","","","","","","","","https://raw.githubusercontent.com/arcmonay/sylvara/main/public/products/four-tier-shelf-2.webp","2","Four-Tier Growing Shelf",""
"four-tier-shelf","","","","","","","","","","","","","","","","","","","https://raw.githubusercontent.com/arcmonay/sylvara/main/public/products/four-tier-shelf-3.webp","3","Four-Tier Growing Shelf",""
"clip-fan","Clip Circulation Fan","<p>A quiet clip fan that keeps leaves moving so mildew does not settle. Indoor air is still air unless you stir it.</p><p><strong>Is this right for me?</strong> Every tent and every crowded shelf. Skip it only outdoors.</p><ul><li>Diameter: 6 in</li><li>Mount: Clip</li></ul>","HarvestHome","Indoor Growing","indoor, fan, airflow","TRUE","Title","Default","HH-0026","907","shopify","39","deny","manual","28.00","","TRUE","TRUE","https://raw.githubusercontent.com/arcmonay/sylvara/main/public/products/clip-fan.webp","1","Clip Circulation Fan","active"
"clip-fan","","","","","","","","","","","","","","","","","","","https://raw.githubusercontent.com/arcmonay/sylvara/main/public/products/clip-fan-2.webp","2","Clip Circulation Fan",""
"clip-fan","","","","","","","","","","","","","","","","","","","https://raw.githubusercontent.com/arcmonay/sylvara/main/public/products/clip-fan-3.webp","3","Clip Circulation Fan",""
"inline-fan-4","Inline Fan 4-inch","<p>A 4-inch inline fan for tents and small greenhouse gables. Move air out so you are not growing in a humid box.</p><p><strong>Is this right for me?</strong> Tents and sealed rooms. A clip fan is not a substitute.</p><ul><li>Duct: 4 in</li><li>Airflow: 195 CFM</li></ul>","HarvestHome","Indoor Growing","indoor, ventilation, fan","TRUE","Title","Default","HH-0027","2268","shopify","40","deny","manual","89.00","","TRUE","TRUE","https://raw.githubusercontent.com/arcmonay/sylvara/main/public/products/inline-fan-4.webp","1","Inline Fan 4-inch","active"
"inline-fan-4","","","","","","","","","","","","","","","","","","","https://raw.githubusercontent.com/arcmonay/sylvara/main/public/products/inline-fan-4-2.webp","2","Inline Fan 4-inch",""
"inline-fan-4","","","","","","","","","","","","","","","","","","","https://raw.githubusercontent.com/arcmonay/sylvara/main/public/products/inline-fan-4-3.webp","3","Inline Fan 4-inch",""
"carbon-filter-4","Carbon Filter 4-inch","<p>A charcoal filter that sits on the intake or exhaust of a 4-inch fan. Keeps indoor growing from announcing itself to the hallway.</p><p><strong>Is this right for me?</strong> Apartments, shared walls, and anyone running a sealed tent.</p><ul><li>Duct: 4 in</li></ul>","HarvestHome","Indoor Growing","indoor, filter, ventilation","TRUE","Title","Default","HH-0028","2722","shopify","41","deny","manual","54.00","","TRUE","TRUE","https://raw.githubusercontent.com/arcmonay/sylvara/main/public/products/carbon-filter-4.webp","1","Carbon Filter 4-inch","active"
"carbon-filter-4","","","","","","","","","","","","","","","","","","","https://raw.githubusercontent.com/arcmonay/sylvara/main/public/products/carbon-filter-4-2.webp","2","Carbon Filter 4-inch",""
"carbon-filter-4","","","","","","","","","","","","","","","","","","","https://raw.githubusercontent.com/arcmonay/sylvara/main/public/products/carbon-filter-4-3.webp","3","Carbon Filter 4-inch",""
"env-controller","Environment Controller","<p>One box for temperature, humidity, and a lighting outlet. Set the band; stop guessing whether the room cooked overnight.</p><p><strong>Is this right for me?</strong> Once you have a tent or a greenhouse heater. Beginners can start with a $12 timer.</p><ul><li>Channels: Heat, cool/fan, humidity, light</li></ul>","HarvestHome","Indoor Growing","indoor, controller, smart, automation","TRUE","Title","Default","HH-0029","1361","shopify","42","deny","manual","149.00","","TRUE","TRUE","https://raw.githubusercontent.com/arcmonay/sylvara/main/public/products/env-controller.webp","1","Environment Controller","active"
"env-controller","","","","","","","","","","","","","","","","","","","https://raw.githubusercontent.com/arcmonay/sylvara/main/public/products/env-controller-2.webp","2","Environment Controller",""
"env-controller","","","","","","","","","","","","","","","","","","","https://raw.githubusercontent.com/arcmonay/sylvara/main/public/products/env-controller-3.webp","3","Environment Controller",""
"room-humidifier","Room Humidifier","<p>A 1.5-gallon cool-mist unit for winter houses and sealed tents that dry out under LED. Seedlings notice before you do.</p><p><strong>Is this right for me?</strong> Forced-air homes in winter and tents with strong exhaust.</p><ul><li>Tank: 1.5 gal</li><li>Type: Cool mist</li></ul>","HarvestHome","Indoor Growing","indoor, humidity, climate","TRUE","Title","Default","HH-0030","2268","shopify","43","deny","manual","62.00","","TRUE","TRUE","https://raw.githubusercontent.com/arcmonay/sylvara/main/public/products/room-humidifier.webp","1","Room Humidifier","active"
"room-humidifier","","","","","","","","","","","","","","","","","","","https://raw.githubusercontent.com/arcmonay/sylvara/main/public/products/room-humidifier-2.webp","2","Room Humidifier",""
"room-humidifier","","","","","","","","","","","","","","","","","","","https://raw.githubusercontent.com/arcmonay/sylvara/main/public/products/room-humidifier-3.webp","3","Room Humidifier",""
"hygro-thermo","Hygrometer & Temperature Sensor","<p>A probe sensor with a readable display. Hang it at canopy height, not on the door where the draft lives.</p><p><strong>Is this right for me?</strong> The first instrument to buy. Everything else is decoration until you know the numbers.</p><ul><li>Reads: °F/°C and RH%</li><li>Probe: Yes</li></ul>","HarvestHome","Indoor Growing","indoor, sensor, temperature, humidity","TRUE","Title","Default","HH-0031","136","shopify","44","deny","manual","18.00","","TRUE","TRUE","https://raw.githubusercontent.com/arcmonay/sylvara/main/public/products/hygro-thermo.webp","1","Hygrometer & Temperature Sensor","active"
"hygro-thermo","","","","","","","","","","","","","","","","","","","https://raw.githubusercontent.com/arcmonay/sylvara/main/public/products/hygro-thermo-2.webp","2","Hygrometer & Temperature Sensor",""
"hygro-thermo","","","","","","","","","","","","","","","","","","","https://raw.githubusercontent.com/arcmonay/sylvara/main/public/products/hygro-thermo-3.webp","3","Hygrometer & Temperature Sensor",""
"smart-outlet-timer","Smart Outlet Timer","<p>Astronomic and simple on/off schedules for lights, pumps, and fans. The unglamorous device that keeps gardens alive when you travel.</p><p><strong>Is this right for me?</strong> If you still remember to flip a switch, you will forget. Buy the timer.</p><ul><li>Outlets: 2</li><li>Modes: Timer and app</li></ul>","HarvestHome","Indoor Growing","indoor, timer, automation, irrigation","TRUE","Title","Default","HH-0032","227","shopify","45","deny","manual","29.00","","TRUE","TRUE","https://raw.githubusercontent.com/arcmonay/sylvara/main/public/products/smart-outlet-timer.webp","1","Smart Outlet Timer","active"
"smart-outlet-timer","","","","","","","","","","","","","","","","","","","https://raw.githubusercontent.com/arcmonay/sylvara/main/public/products/smart-outlet-timer-2.webp","2","Smart Outlet Timer",""
"smart-outlet-timer","","","","","","","","","","","","","","","","","","","https://raw.githubusercontent.com/arcmonay/sylvara/main/public/products/smart-outlet-timer-3.webp","3","Smart Outlet Timer",""
"smart-monitor","Smart Garden Monitor","<p>Soil moisture, temperature, and light in an app that does not require a degree. Alerts you before basil becomes hay.</p><p><strong>Is this right for me?</strong> Travelers and overwaterers. Not a substitute for looking at the plant.</p><ul><li>Sensors: Moisture, temp, light</li></ul>","HarvestHome","Indoor Growing","indoor, smart, sensor, monitoring","TRUE","Title","Default","HH-0033","181","shopify","46","deny","manual","79.00","","TRUE","TRUE","https://raw.githubusercontent.com/arcmonay/sylvara/main/public/products/smart-monitor.webp","1","Smart Garden Monitor","active"
"smart-monitor","","","","","","","","","","","","","","","","","","","https://raw.githubusercontent.com/arcmonay/sylvara/main/public/products/smart-monitor-2.webp","2","Smart Garden Monitor",""
"smart-monitor","","","","","","","","","","","","","","","","","","","https://raw.githubusercontent.com/arcmonay/sylvara/main/public/products/smart-monitor-3.webp","3","Smart Garden Monitor",""
"seedling-heat-mat","Seedling Heat Mat","<p>A waterproof mat that warms a 10×20 tray. Peppers and tomatoes germinate instead of sulking in a cold mudroom.</p><p><strong>Is this right for me?</strong> If your house sits under 70°F in March. Skip it in a warm apartment.</p><ul><li>Size: 10 × 20 in</li><li>Waterproof: Yes</li></ul>","HarvestHome","Indoor Growing","indoor, seed starting, heat, propagation","TRUE","Title","Default","HH-0034","544","shopify","47","deny","manual","32.00","","TRUE","TRUE","https://raw.githubusercontent.com/arcmonay/sylvara/main/public/products/seedling-heat-mat.webp","1","Seedling Heat Mat","active"
"seedling-heat-mat","","","","","","","","","","","","","","","","","","","https://raw.githubusercontent.com/arcmonay/sylvara/main/public/products/seedling-heat-mat-2.webp","2","Seedling Heat Mat",""
"seedling-heat-mat","","","","","","","","","","","","","","","","","","","https://raw.githubusercontent.com/arcmonay/sylvara/main/public/products/seedling-heat-mat-3.webp","3","Seedling Heat Mat",""
"yardhouse-6x8","Yardhouse 6×8 Backyard Greenhouse","<p>A cedar-frame 6×8 with polycarbonate that actually diffuses light. Sized for a suburban lot — tomatoes in summer, greens through the shoulder seasons.</p><p><strong>Is this right for me?</strong> Homeowners who want a real house, not a pop-up. You need a level pad and a weekend.</p><ul><li>Size: 6 × 8 ft</li><li>Glazing: Twin-wall polycarbonate</li><li>Frame: Cedar</li></ul>","HarvestHome","Greenhouses","greenhouse, backyard, beginner, food","TRUE","Title","Default","HH-0035","81647","shopify","12","deny","manual","1890.00","","TRUE","TRUE","https://raw.githubusercontent.com/arcmonay/sylvara/main/public/products/yardhouse-6x8.webp","1","Yardhouse 6×8 Backyard Greenhouse","active"
"yardhouse-6x8","","","","","","","","","","","","","","","","","","","https://raw.githubusercontent.com/arcmonay/sylvara/main/public/products/yardhouse-6x8-2.webp","2","Yardhouse 6×8 Backyard Greenhouse",""
"yardhouse-6x8","","","","","","","","","","","","","","","","","","","https://raw.githubusercontent.com/arcmonay/sylvara/main/public/products/yardhouse-6x8-3.webp","3","Yardhouse 6×8 Backyard Greenhouse",""
"walkin-8x12","Walk-In 8×12 Greenhouse","<p>Headroom for indeterminate tomatoes and a center aisle you can actually work. The step between a backyard house and a production bay.</p><p><strong>Is this right for me?</strong> If the 6×8 already feels tight in your head. Requires a pad and a plan for heat.</p><ul><li>Size: 8 × 12 ft</li><li>Height: 9 ft peak</li><li>Glazing: Polycarbonate</li></ul>","HarvestHome","Greenhouses","greenhouse, walk-in, serious","TRUE","Title","Default","HH-0036","145149","shopify","13","deny","manual","3480.00","","TRUE","TRUE","https://raw.githubusercontent.com/arcmonay/sylvara/main/public/products/walkin-8x12.webp","1","Walk-In 8×12 Greenhouse","active"
"walkin-8x12","","","","","","","","","","","","","","","","","","","https://raw.githubusercontent.com/arcmonay/sylvara/main/public/products/walkin-8x12-2.webp","2","Walk-In 8×12 Greenhouse",""
"walkin-8x12","","","","","","","","","","","","","","","","","","","https://raw.githubusercontent.com/arcmonay/sylvara/main/public/products/walkin-8x12-3.webp","3","Walk-In 8×12 Greenhouse",""
"prospan-20x40","Prospan 20×40 Commercial Bay","<p>A gothic-arch production house for farms, garden centers, and serious acreage. Quoted with wind/snow package for your county.</p><p><strong>Is this right for me?</strong> Businesses and farms. Not a backyard project. We quote freight, anchoring, and covering together.</p><ul><li>Size: 20 × 40 ft</li><li>Style: Gothic arch</li><li>Cover: Quoted</li></ul>","HarvestHome","Greenhouses","greenhouse, commercial, pro, wholesale","TRUE","Title","Default","HH-0037","1088621","shopify","0","deny","manual","18600.00","","TRUE","TRUE","https://raw.githubusercontent.com/arcmonay/sylvara/main/public/products/prospan-20x40.webp","1","Prospan 20×40 Commercial Bay","draft"
"prospan-20x40","","","","","","","","","","","","","","","","","","","https://raw.githubusercontent.com/arcmonay/sylvara/main/public/products/prospan-20x40-2.webp","2","Prospan 20×40 Commercial Bay",""
"prospan-20x40","","","","","","","","","","","","","","","","","","","https://raw.githubusercontent.com/arcmonay/sylvara/main/public/products/prospan-20x40-3.webp","3","Prospan 20×40 Commercial Bay",""
"gh-shelf-unit","Greenhouse Staging Shelf","<p>Galvanized two-tier staging that shrugs off wet. Seedlings on top, bags of media below.</p><p><strong>Is this right for me?</strong> If your greenhouse currently uses the floor. Floors grow fungus gnats.</p><ul><li>Tiers: 2</li><li>Length: 48 in</li></ul>","HarvestHome","Greenhouses","greenhouse, shelving, bench","TRUE","Title","Default","HH-0038","15422","shopify","15","deny","manual","168.00","","TRUE","TRUE","https://raw.githubusercontent.com/arcmonay/sylvara/main/public/products/gh-shelf-unit.webp","1","Greenhouse Staging Shelf","active"
"gh-shelf-unit","","","","","","","","","","","","","","","","","","","https://raw.githubusercontent.com/arcmonay/sylvara/main/public/products/gh-shelf-unit-2.webp","2","Greenhouse Staging Shelf",""
"gh-shelf-unit","","","","","","","","","","","","","","","","","","","https://raw.githubusercontent.com/arcmonay/sylvara/main/public/products/gh-shelf-unit-3.webp","3","Greenhouse Staging Shelf",""
"cedar-gh-bench","Cedar Greenhouse Bench","<p>A 6-foot cedar slat bench that drains and does not rust. The piece that makes a greenhouse feel like a workroom instead of a storage shed.</p><p><strong>Is this right for me?</strong> Walk-in houses and potting corners. Too nice to leave in the rain without a roof.</p><ul><li>Length: 72 in</li><li>Material: Cedar</li></ul>","HarvestHome","Greenhouses","greenhouse, bench, cedar","TRUE","Title","Default","HH-0039","19051","shopify","16","deny","manual","240.00","","TRUE","TRUE","https://raw.githubusercontent.com/arcmonay/sylvara/main/public/products/cedar-gh-bench.webp","1","Cedar Greenhouse Bench","active"
"cedar-gh-bench","","","","","","","","","","","","","","","","","","","https://raw.githubusercontent.com/arcmonay/sylvara/main/public/products/cedar-gh-bench-2.webp","2","Cedar Greenhouse Bench",""
"cedar-gh-bench","","","","","","","","","","","","","","","","","","","https://raw.githubusercontent.com/arcmonay/sylvara/main/public/products/cedar-gh-bench-3.webp","3","Cedar Greenhouse Bench",""
"exhaust-gh-fan","Greenhouse Exhaust Fan Kit","<p>A shuttered exhaust fan with a thermostat. Hot houses cook pollen; this is how tomatoes set fruit in July.</p><p><strong>Is this right for me?</strong> Any sealed polycarbonate house in a climate that hits 80°F.</p><ul><li>Size: 16 in</li><li>Control: Thermostat</li></ul>","HarvestHome","Greenhouses","greenhouse, ventilation, fan","TRUE","Title","Default","HH-0040","7257","shopify","17","deny","manual","198.00","","TRUE","TRUE","https://raw.githubusercontent.com/arcmonay/sylvara/main/public/products/exhaust-gh-fan.webp","1","Greenhouse Exhaust Fan Kit","active"
"exhaust-gh-fan","","","","","","","","","","","","","","","","","","","https://raw.githubusercontent.com/arcmonay/sylvara/main/public/products/exhaust-gh-fan-2.webp","2","Greenhouse Exhaust Fan Kit",""
"exhaust-gh-fan","","","","","","","","","","","","","","","","","","","https://raw.githubusercontent.com/arcmonay/sylvara/main/public/products/exhaust-gh-fan-3.webp","3","Greenhouse Exhaust Fan Kit",""
"gh-heater","Greenhouse Heater","<p>A greenhouse-rated heater with a tip-over switch and a hose that vents where it should. Shoulder-season tomatoes are the point.</p><p><strong>Is this right for me?</strong> Zones 6 and colder, or anyone pushing tomatoes into November. Not a house furnace.</p><ul><li>Output: 18,000 BTU</li><li>Safety: Tip-over and ODS</li></ul>","HarvestHome","Greenhouses","greenhouse, heat, winter","TRUE","Title","Default","HH-0041","9979","shopify","18","deny","manual","289.00","","TRUE","TRUE","https://raw.githubusercontent.com/arcmonay/sylvara/main/public/products/gh-heater.webp","1","Greenhouse Heater","active"
"gh-heater","","","","","","","","","","","","","","","","","","","https://raw.githubusercontent.com/arcmonay/sylvara/main/public/products/gh-heater-2.webp","2","Greenhouse Heater",""
"gh-heater","","","","","","","","","","","","","","","","","","","https://raw.githubusercontent.com/arcmonay/sylvara/main/public/products/gh-heater-3.webp","3","Greenhouse Heater",""
"shade-cloth-50","Shade Cloth 50%","<p>Knitted 50% shade that clips to greenhouse bows or a patio frame. Lettuce in July is a shade problem, not a seed problem.</p><p><strong>Is this right for me?</strong> South-facing houses, heat-wave lettuce, and patios that fry herbs.</p><ul><li>Shade: 50%</li><li>Size: 12 × 12 ft</li></ul>","HarvestHome","Greenhouses","greenhouse, shade, heat","TRUE","Size","8 × 10 ft","HH-0042","1814","shopify","19","deny","manual","64.00","","TRUE","TRUE","https://raw.githubusercontent.com/arcmonay/sylvara/main/public/products/shade-cloth-50.webp","1","Shade Cloth 50%","active"
"shade-cloth-50","","","","","","","","","","","","","","","","","","","https://raw.githubusercontent.com/arcmonay/sylvara/main/public/products/shade-cloth-50-2.webp","2","Shade Cloth 50%",""
"shade-cloth-50","","","","","","","","","","","","","","","","","","","https://raw.githubusercontent.com/arcmonay/sylvara/main/public/products/shade-cloth-50-3.webp","3","Shade Cloth 50%",""
"gh-drip-kit","Greenhouse Irrigation Kit","<p>A 16-stake drip kit sized for benches and bags. One timer, one filter, rows that water while you are at work.</p><p><strong>Is this right for me?</strong> If you currently water by wand and then go on vacation.</p><ul><li>Stakes: 16</li><li>Line: 1/4 in</li></ul>","HarvestHome","Greenhouses","greenhouse, irrigation, drip, kit","TRUE","Title","Default","HH-0043","2268","shopify","20","deny","manual","89.00","","TRUE","TRUE","https://raw.githubusercontent.com/arcmonay/sylvara/main/public/products/gh-drip-kit.webp","1","Greenhouse Irrigation Kit","active"
"gh-drip-kit","","","","","","","","","","","","","","","","","","","https://raw.githubusercontent.com/arcmonay/sylvara/main/public/products/gh-drip-kit-2.webp","2","Greenhouse Irrigation Kit",""
"gh-drip-kit","","","","","","","","","","","","","","","","","","","https://raw.githubusercontent.com/arcmonay/sylvara/main/public/products/gh-drip-kit-3.webp","3","Greenhouse Irrigation Kit",""
"roof-vent-kit","Automatic Roof Vent Opener","<p>Wax-cylinder vents that open with heat and close with cool. No electricity. The most elegant piece of greenhouse kit we sell.</p><p><strong>Is this right for me?</strong> Every hobby house. This is how greenhouses survive a Tuesday you spent in meetings.</p><ul><li>Power: None (wax cylinder)</li><li>Lift: 15 lb</li></ul>","HarvestHome","Greenhouses","greenhouse, vent, automation","TRUE","Title","Default","HH-0044","907","shopify","21","deny","manual","42.00","","TRUE","TRUE","https://raw.githubusercontent.com/arcmonay/sylvara/main/public/products/roof-vent-kit.webp","1","Automatic Roof Vent Opener","active"
"roof-vent-kit","","","","","","","","","","","","","","","","","","","https://raw.githubusercontent.com/arcmonay/sylvara/main/public/products/roof-vent-kit-2.webp","2","Automatic Roof Vent Opener",""
"roof-vent-kit","","","","","","","","","","","","","","","","","","","https://raw.githubusercontent.com/arcmonay/sylvara/main/public/products/roof-vent-kit-3.webp","3","Automatic Roof Vent Opener",""
"gh-accessories-pack","Greenhouse Accessory Pack","<p>Clips, hooks, hanging bars, and a max-min thermometer. The bits you only notice when they are missing.</p><p><strong>Is this right for me?</strong> A first-month add-on for any new house.</p><ul><li>Includes: Clips, hooks, bar, max-min thermometer</li></ul>","HarvestHome","Greenhouses","greenhouse, accessories","TRUE","Title","Default","HH-0045","1361","shopify","22","deny","manual","38.00","","TRUE","TRUE","https://raw.githubusercontent.com/arcmonay/sylvara/main/public/products/gh-accessories-pack.webp","1","Greenhouse Accessory Pack","active"
"gh-accessories-pack","","","","","","","","","","","","","","","","","","","https://raw.githubusercontent.com/arcmonay/sylvara/main/public/products/gh-accessories-pack-2.webp","2","Greenhouse Accessory Pack",""
"gh-accessories-pack","","","","","","","","","","","","","","","","","","","https://raw.githubusercontent.com/arcmonay/sylvara/main/public/products/gh-accessories-pack-3.webp","3","Greenhouse Accessory Pack",""
"heirloom-vault-box","Heirloom Seed Vault Box","<p>Twelve open-pollinated varieties in a tin meant to live in a cool closet. Tomato, bean, lettuce, herb, and flower — the starter library for a household that intends to save seed.</p><p><strong>Is this right for me?</strong> The right first seed purchase if you want food and a reason to learn saving. Not a single-crop bulk bag.</p><p><strong>Included:</strong></p><ul><li>Brandywine tomato</li><li>Cherokee Purple tomato</li><li>Marketmore cucumber</li><li>Rainbow carrot</li><li>Lacinato kale</li><li>Genovese basil</li><li>Provider bean</li><li>Buttercrunch lettuce</li><li>Calendar zinnia</li><li>Lemon gem marigold</li><li>Cilantro</li><li>Seed-saving envelope pack</li></ul><ul><li>Format: Packet</li><li>Treatment: Untreated</li></ul>","HarvestHome","Heirloom Seed Vault","seeds, heirloom, collection, beginner, food, seed-saving","TRUE","Title","Default","HH-0046","45","shopify","23","deny","manual","48.00","","TRUE","TRUE","https://raw.githubusercontent.com/arcmonay/sylvara/main/public/products/heirloom-vault-box.webp","1","Heirloom Seed Vault Box","active"
"heirloom-vault-box","","","","","","","","","","","","","","","","","","","https://raw.githubusercontent.com/arcmonay/sylvara/main/public/products/heirloom-vault-box-2.webp","2","Heirloom Seed Vault Box",""
"heirloom-vault-box","","","","","","","","","","","","","","","","","","","https://raw.githubusercontent.com/arcmonay/sylvara/main/public/products/heirloom-vault-box-3.webp","3","Heirloom Seed Vault Box",""
"brandywine-tomato-seeds","Brandywine Pink Tomato Seeds","<p>The pink beefsteak people mean when they say a tomato tasted like July. Indeterminate, patient, worth the wait. Open-pollinated so you can save seed from the fruit you liked most.</p><p><strong>Is this right for me?</strong> If you have a full season and a stake. Not a 60-day patio cherry.</p><ul><li>Format: Packet</li><li>Treatment: Untreated</li></ul>","HarvestHome","Heirloom Seed Vault","seeds, tomato, heirloom, vegetable, food","TRUE","Title","Default","HH-0047","45","shopify","24","deny","manual","5.50","","TRUE","TRUE","https://raw.githubusercontent.com/arcmonay/sylvara/main/public/products/brandywine-tomato-seeds.webp","1","Brandywine Pink Tomato Seeds","active"
"brandywine-tomato-seeds","","","","","","","","","","","","","","","","","","","https://raw.githubusercontent.com/arcmonay/sylvara/main/public/products/brandywine-tomato-seeds-2.webp","2","Brandywine Pink Tomato Seeds",""
"brandywine-tomato-seeds","","","","","","","","","","","","","","","","","","","https://raw.githubusercontent.com/arcmonay/sylvara/main/public/products/brandywine-tomato-seeds-3.webp","3","Brandywine Pink Tomato Seeds",""
"cherokee-purple-seeds","Cherokee Purple Tomato Seeds","<p>Dusky shoulders, dense flesh, the tomato you slice thick. Another vault staple, genetically distinct from Brandywine on purpose.</p><p><strong>Is this right for me?</strong> Grow it next to Brandywine if you want to taste why diversity matters.</p><ul><li>Format: Packet</li><li>Treatment: Untreated</li></ul>","HarvestHome","Heirloom Seed Vault","seeds, tomato, heirloom, vegetable","TRUE","Title","Default","HH-0048","45","shopify","25","deny","manual","5.50","","TRUE","TRUE","https://raw.githubusercontent.com/arcmonay/sylvara/main/public/products/cherokee-purple-seeds.webp","1","Cherokee Purple Tomato Seeds","active"
"cherokee-purple-seeds","","","","","","","","","","","","","","","","","","","https://raw.githubusercontent.com/arcmonay/sylvara/main/public/products/cherokee-purple-seeds-2.webp","2","Cherokee Purple Tomato Seeds",""
"cherokee-purple-seeds","","","","","","","","","","","","","","","","","","","https://raw.githubusercontent.com/arcmonay/sylvara/main/public/products/cherokee-purple-seeds-3.webp","3","Cherokee Purple Tomato Seeds",""
"organic-cherry-tomato","Organic Sweet Cherry Tomato","<p>A generous cherry that ripens in clusters and forgives uneven watering. The beginner tomato we actually recommend.</p><p><strong>Is this right for me?</strong> Balconies, kids, and anyone who has killed a beefsteak. This one wants to live.</p><ul><li>Format: Packet</li><li>Treatment: Untreated</li></ul>","HarvestHome","Heirloom Seed Vault","seeds, tomato, organic, beginner, vegetable","TRUE","Title","Default","HH-0049","45","shopify","26","deny","manual","4.75","","TRUE","TRUE","https://raw.githubusercontent.com/arcmonay/sylvara/main/public/products/organic-cherry-tomato.webp","1","Organic Sweet Cherry Tomato","active"
"organic-cherry-tomato","","","","","","","","","","","","","","","","","","","https://raw.githubusercontent.com/arcmonay/sylvara/main/public/products/organic-cherry-tomato-2.webp","2","Organic Sweet Cherry Tomato",""
"organic-cherry-tomato","","","","","","","","","","","","","","","","","","","https://raw.githubusercontent.com/arcmonay/sylvara/main/public/products/organic-cherry-tomato-3.webp","3","Organic Sweet Cherry Tomato",""
"genovese-basil-seeds","Genovese Basil Seeds","<p>The pesto leaf: large, sweet, and productive in a pot or a DWC site. Succession-sow every three weeks.</p><p><strong>Is this right for me?</strong> The herb that earns an indoor shelf. You will not regret two packets.</p><ul><li>Format: Packet</li><li>Treatment: Untreated</li></ul>","HarvestHome","Heirloom Seed Vault","seeds, basil, herb, indoor, beginner","TRUE","Title","Default","HH-0050","45","shopify","27","deny","manual","3.95","","TRUE","TRUE","https://raw.githubusercontent.com/arcmonay/sylvara/main/public/products/genovese-basil-seeds.webp","1","Genovese Basil Seeds","active"
"genovese-basil-seeds","","","","","","","","","","","","","","","","","","","https://raw.githubusercontent.com/arcmonay/sylvara/main/public/products/genovese-basil-seeds-2.webp","2","Genovese Basil Seeds",""
"genovese-basil-seeds","","","","","","","","","","","","","","","","","","","https://raw.githubusercontent.com/arcmonay/sylvara/main/public/products/genovese-basil-seeds-3.webp","3","Genovese Basil Seeds",""
"cilantro-seeds","Cilantro Seeds","<p>Slow-bolt cilantro for spring and fall. Let a few plants flower — the pollinators will clock in, and you can save coriander.</p><p><strong>Is this right for me?</strong> Cool weather. It will bolt in July heat; that is biology, not failure.</p><ul><li>Format: Packet</li><li>Treatment: Untreated</li></ul>","HarvestHome","Heirloom Seed Vault","seeds, cilantro, herb, pollinator","TRUE","Title","Default","HH-0051","45","shopify","28","deny","manual","3.50","","TRUE","TRUE","https://raw.githubusercontent.com/arcmonay/sylvara/main/public/products/cilantro-seeds.webp","1","Cilantro Seeds","active"
"cilantro-seeds","","","","","","","","","","","","","","","","","","","https://raw.githubusercontent.com/arcmonay/sylvara/main/public/products/cilantro-seeds-2.webp","2","Cilantro Seeds",""
"cilantro-seeds","","","","","","","","","","","","","","","","","","","https://raw.githubusercontent.com/arcmonay/sylvara/main/public/products/cilantro-seeds-3.webp","3","Cilantro Seeds",""
"lettuce-cut-mix","Cut-and-Come-Again Lettuce Mix","<p>Loose-leaf mix for bowls, DWC sites, and a 4×8 bed. Harvest the outer leaves; the plant keeps working.</p><p><strong>Is this right for me?</strong> The fastest food crop we sell. If you want proof that growing works, start here.</p><ul><li>Format: Packet</li><li>Treatment: Untreated</li></ul>","HarvestHome","Heirloom Seed Vault","seeds, lettuce, beginner, hydroponic, vegetable","TRUE","Title","Default","HH-0052","45","shopify","29","deny","manual","4.25","","TRUE","TRUE","https://raw.githubusercontent.com/arcmonay/sylvara/main/public/products/lettuce-cut-mix.webp","1","Cut-and-Come-Again Lettuce Mix","active"
"lettuce-cut-mix","","","","","","","","","","","","","","","","","","","https://raw.githubusercontent.com/arcmonay/sylvara/main/public/products/lettuce-cut-mix-2.webp","2","Cut-and-Come-Again Lettuce Mix",""
"lettuce-cut-mix","","","","","","","","","","","","","","","","","","","https://raw.githubusercontent.com/arcmonay/sylvara/main/public/products/lettuce-cut-mix-3.webp","3","Cut-and-Come-Again Lettuce Mix",""
"lacinato-kale-seeds","Lacinato Kale Seeds","<p>Dinosaur kale that sweetens after frost. A winter workhorse in a low tunnel or an unheated house.</p><p><strong>Is this right for me?</strong> Cold climates and people who eat greens after tomatoes are done.</p><ul><li>Format: Packet</li><li>Treatment: Untreated</li></ul>","HarvestHome","Heirloom Seed Vault","seeds, kale, vegetable, cold","TRUE","Title","Default","HH-0053","45","shopify","30","deny","manual","3.95","","TRUE","TRUE","https://raw.githubusercontent.com/arcmonay/sylvara/main/public/products/lacinato-kale-seeds.webp","1","Lacinato Kale Seeds","active"
"lacinato-kale-seeds","","","","","","","","","","","","","","","","","","","https://raw.githubusercontent.com/arcmonay/sylvara/main/public/products/lacinato-kale-seeds-2.webp","2","Lacinato Kale Seeds",""
"lacinato-kale-seeds","","","","","","","","","","","","","","","","","","","https://raw.githubusercontent.com/arcmonay/sylvara/main/public/products/lacinato-kale-seeds-3.webp","3","Lacinato Kale Seeds",""
"pepper-rainbow-collection","Rainbow Pepper Seed Collection","<p>Five sweet and frying peppers in one sleeve. Start them on a heat mat; they are slow on purpose.</p><p><strong>Is this right for me?</strong> If you will start indoors eight weeks before last frost. Direct-sowing peppers is a disappointment.</p><p><strong>Included:</strong></p><ul><li>Lipstick</li><li>Corno di Toro</li><li>Golden California Wonder</li><li>Padron</li><li>Jimmy Nardello</li></ul><ul><li>Format: Packet</li><li>Treatment: Untreated</li></ul>","HarvestHome","Heirloom Seed Vault","seeds, pepper, collection, vegetable","TRUE","Title","Default","HH-0054","45","shopify","31","deny","manual","14.00","","TRUE","TRUE","https://raw.githubusercontent.com/arcmonay/sylvara/main/public/products/pepper-rainbow-collection.webp","1","Rainbow Pepper Seed Collection","active"
"pepper-rainbow-collection","","","","","","","","","","","","","","","","","","","https://raw.githubusercontent.com/arcmonay/sylvara/main/public/products/pepper-rainbow-collection-2.webp","2","Rainbow Pepper Seed Collection",""
"pepper-rainbow-collection","","","","","","","","","","","","","","","","","","","https://raw.githubusercontent.com/arcmonay/sylvara/main/public/products/pepper-rainbow-collection-3.webp","3","Rainbow Pepper Seed Collection",""
"marketmore-cucumber","Marketmore Cucumber Seeds","<p>A classic slicing cucumber that behaves in a raised bed and a greenhouse trellis. Bitter-free if you water evenly.</p><p><strong>Is this right for me?</strong> Beds and greenhouses with a trellis. Not a tiny patio pot.</p><ul><li>Format: Packet</li><li>Treatment: Untreated</li></ul>","HarvestHome","Heirloom Seed Vault","seeds, cucumber, vegetable","TRUE","Title","Default","HH-0055","45","shopify","32","deny","manual","3.75","","TRUE","TRUE","https://raw.githubusercontent.com/arcmonay/sylvara/main/public/products/marketmore-cucumber.webp","1","Marketmore Cucumber Seeds","active"
"marketmore-cucumber","","","","","","","","","","","","","","","","","","","https://raw.githubusercontent.com/arcmonay/sylvara/main/public/products/marketmore-cucumber-2.webp","2","Marketmore Cucumber Seeds",""
"marketmore-cucumber","","","","","","","","","","","","","","","","","","","https://raw.githubusercontent.com/arcmonay/sylvara/main/public/products/marketmore-cucumber-3.webp","3","Marketmore Cucumber Seeds",""
"black-beauty-zucchini","Black Beauty Zucchini Seeds","<p>The summer squash that taught a generation to check the plant daily. Two plants is a household. Six is a church donation.</p><p><strong>Is this right for me?</strong> Beginners with a bed and a little space. It wants to succeed.</p><ul><li>Format: Packet</li><li>Treatment: Untreated</li></ul>","HarvestHome","Heirloom Seed Vault","seeds, zucchini, squash, beginner, vegetable","TRUE","Title","Default","HH-0056","45","shopify","33","deny","manual","3.50","","TRUE","TRUE","https://raw.githubusercontent.com/arcmonay/sylvara/main/public/products/black-beauty-zucchini.webp","1","Black Beauty Zucchini Seeds","active"
"black-beauty-zucchini","","","","","","","","","","","","","","","","","","","https://raw.githubusercontent.com/arcmonay/sylvara/main/public/products/black-beauty-zucchini-2.webp","2","Black Beauty Zucchini Seeds",""
"black-beauty-zucchini","","","","","","","","","","","","","","","","","","","https://raw.githubusercontent.com/arcmonay/sylvara/main/public/products/black-beauty-zucchini-3.webp","3","Black Beauty Zucchini Seeds",""
"mammoth-sunflower","Mammoth Grey Stripe Sunflower","<p>Ten-foot flowers, edible seed, goldfinches in September. A food crop that also does habitat work.</p><p><strong>Is this right for me?</strong> Yards with sun and a fence line. Too tall for a balcony box.</p><ul><li>Format: Packet</li><li>Treatment: Untreated</li></ul>","HarvestHome","Heirloom Seed Vault","seeds, sunflower, flower, pollinator, bird, habitat","TRUE","Title","Default","HH-0057","45","shopify","34","deny","manual","3.95","","TRUE","TRUE","https://raw.githubusercontent.com/arcmonay/sylvara/main/public/products/mammoth-sunflower.webp","1","Mammoth Grey Stripe Sunflower","active"
"mammoth-sunflower","","","","","","","","","","","","","","","","","","","https://raw.githubusercontent.com/arcmonay/sylvara/main/public/products/mammoth-sunflower-2.webp","2","Mammoth Grey Stripe Sunflower",""
"mammoth-sunflower","","","","","","","","","","","","","","","","","","","https://raw.githubusercontent.com/arcmonay/sylvara/main/public/products/mammoth-sunflower-3.webp","3","Mammoth Grey Stripe Sunflower",""
"zinnia-pollinator-mix","Pollinator Zinnia Mix","<p>A cut-and-come mix that bees clock from the road. Successive sowings keep color (and forage) into frost.</p><p><strong>Is this right for me?</strong> The easiest habitat planting we sell. Direct sow after frost.</p><ul><li>Format: Packet</li><li>Treatment: Untreated</li></ul>","HarvestHome","Heirloom Seed Vault","seeds, zinnia, flower, pollinator, beginner","TRUE","Title","Default","HH-0058","45","shopify","35","deny","manual","4.50","","TRUE","TRUE","https://raw.githubusercontent.com/arcmonay/sylvara/main/public/products/zinnia-pollinator-mix.webp","1","Pollinator Zinnia Mix","active"
"zinnia-pollinator-mix","","","","","","","","","","","","","","","","","","","https://raw.githubusercontent.com/arcmonay/sylvara/main/public/products/zinnia-pollinator-mix-2.webp","2","Pollinator Zinnia Mix",""
"zinnia-pollinator-mix","","","","","","","","","","","","","","","","","","","https://raw.githubusercontent.com/arcmonay/sylvara/main/public/products/zinnia-pollinator-mix-3.webp","3","Pollinator Zinnia Mix",""
"common-milkweed","Common Milkweed Seeds","<p>Asclepias syriaca for monarchs that actually live here. Native, perennial, and not a tropical milkweed substitute.</p><p><strong>Is this right for me?</strong> If you have a patch you can leave standing through winter. Not a tidy annual bed.</p><ul><li>Format: Packet</li><li>Treatment: Untreated</li></ul>","HarvestHome","Heirloom Seed Vault","seeds, milkweed, native, pollinator, monarch","TRUE","Title","Default","HH-0059","45","shopify","36","deny","manual","6.50","","TRUE","TRUE","https://raw.githubusercontent.com/arcmonay/sylvara/main/public/products/common-milkweed.webp","1","Common Milkweed Seeds","active"
"common-milkweed","","","","","","","","","","","","","","","","","","","https://raw.githubusercontent.com/arcmonay/sylvara/main/public/products/common-milkweed-2.webp","2","Common Milkweed Seeds",""
"common-milkweed","","","","","","","","","","","","","","","","","","","https://raw.githubusercontent.com/arcmonay/sylvara/main/public/products/common-milkweed-3.webp","3","Common Milkweed Seeds",""
"echinacea-purpurea","Purple Coneflower Seeds","<p>Echinacea for goldfinches, bees, and a perennial spine in the habitat bed. Stratify or sow in fall.</p><p><strong>Is this right for me?</strong> Patience required — perennials do not perform like zinnias in year one.</p><ul><li>Format: Packet</li><li>Treatment: Untreated</li></ul>","HarvestHome","Heirloom Seed Vault","seeds, echinacea, native, pollinator, perennial","TRUE","Title","Default","HH-0060","45","shopify","37","deny","manual","4.95","","TRUE","TRUE","https://raw.githubusercontent.com/arcmonay/sylvara/main/public/products/echinacea-purpurea.webp","1","Purple Coneflower Seeds","active"
"echinacea-purpurea","","","","","","","","","","","","","","","","","","","https://raw.githubusercontent.com/arcmonay/sylvara/main/public/products/echinacea-purpurea-2.webp","2","Purple Coneflower Seeds",""
"echinacea-purpurea","","","","","","","","","","","","","","","","","","","https://raw.githubusercontent.com/arcmonay/sylvara/main/public/products/echinacea-purpurea-3.webp","3","Purple Coneflower Seeds",""
"beginner-seed-crate","Beginner Seed Crate","<p>Six easy crops, a sowing calendar for zones 4–7, and markers. Designed so a first garden produces dinner, not homework.</p><p><strong>Is this right for me?</strong> The seed analog of training wheels. If you already have a seed tin, skip it.</p><p><strong>Included:</strong></p><ul><li>Lettuce mix</li><li>Basil</li><li>Provider bean</li><li>Zucchini</li><li>Rainbow carrot</li><li>Cherry tomato</li><li>Zone calendar</li><li>Markers</li></ul><ul><li>Format: Packet</li><li>Treatment: Untreated</li></ul>","HarvestHome","Heirloom Seed Vault","seeds, beginner, kit, vegetable, herb","TRUE","Title","Default","HH-0061","45","shopify","38","deny","manual","22.00","","TRUE","TRUE","https://raw.githubusercontent.com/arcmonay/sylvara/main/public/products/beginner-seed-crate.webp","1","Beginner Seed Crate","active"
"beginner-seed-crate","","","","","","","","","","","","","","","","","","","https://raw.githubusercontent.com/arcmonay/sylvara/main/public/products/beginner-seed-crate-2.webp","2","Beginner Seed Crate",""
"beginner-seed-crate","","","","","","","","","","","","","","","","","","","https://raw.githubusercontent.com/arcmonay/sylvara/main/public/products/beginner-seed-crate-3.webp","3","Beginner Seed Crate",""
"indoor-herb-seed-kit","Indoor Herb Seed Kit","<p>Basil, parsley, chives, and mint in a windowsill format. Written for cooks, not botanists.</p><p><strong>Is this right for me?</strong> Apartments and winter kitchens. Mint will try to own a garden bed — keep it potted.</p><p><strong>Included:</strong></p><ul><li>Basil</li><li>Parsley</li><li>Chives</li><li>Mint</li><li>Four peat-free pots</li></ul><ul><li>Format: Packet</li><li>Treatment: Untreated</li></ul>","HarvestHome","Heirloom Seed Vault","seeds, herb, indoor, beginner, kit","TRUE","Title","Default","HH-0062","45","shopify","39","deny","manual","16.00","","TRUE","TRUE","https://raw.githubusercontent.com/arcmonay/sylvara/main/public/products/indoor-herb-seed-kit.webp","1","Indoor Herb Seed Kit","active"
"indoor-herb-seed-kit","","","","","","","","","","","","","","","","","","","https://raw.githubusercontent.com/arcmonay/sylvara/main/public/products/indoor-herb-seed-kit-2.webp","2","Indoor Herb Seed Kit",""
"indoor-herb-seed-kit","","","","","","","","","","","","","","","","","","","https://raw.githubusercontent.com/arcmonay/sylvara/main/public/products/indoor-herb-seed-kit-3.webp","3","Indoor Herb Seed Kit",""
"bulk-lettuce-pound","Bulk Lettuce Mix, 1 lb","<p>A production bag for NFT channels, market benches, and CSAs. Same cut-and-come genetics as the packet, without the pretty envelope.</p><p><strong>Is this right for me?</strong> Growers who sow weekly. A household will not finish this before it ages.</p><ul><li>Format: Packet</li><li>Treatment: Untreated</li></ul>","HarvestHome","Heirloom Seed Vault","seeds, lettuce, bulk, pro, commercial","TRUE","Size","Packet","HH-0063","45","shopify","40","deny","manual","48.00","","TRUE","TRUE","https://raw.githubusercontent.com/arcmonay/sylvara/main/public/products/bulk-lettuce-pound.webp","1","Bulk Lettuce Mix, 1 lb","active"
"bulk-lettuce-pound","","","","","","","","","","","","","","","","","","","https://raw.githubusercontent.com/arcmonay/sylvara/main/public/products/bulk-lettuce-pound-2.webp","2","Bulk Lettuce Mix, 1 lb",""
"bulk-lettuce-pound","","","","","","","","","","","","","","","","","","","https://raw.githubusercontent.com/arcmonay/sylvara/main/public/products/bulk-lettuce-pound-3.webp","3","Bulk Lettuce Mix, 1 lb",""
"rainbow-carrot-seeds","Rainbow Carrot Seeds","<p>Purple, yellow, and orange roots for a bed that looks like a market stall. Needs loose soil — raised beds win.</p><p><strong>Is this right for me?</strong> Deep, stone-free soil. Clay without a bed will fork them.</p><ul><li>Format: Packet</li><li>Treatment: Untreated</li></ul>","HarvestHome","Heirloom Seed Vault","seeds, carrot, vegetable, heirloom","TRUE","Title","Default","HH-0064","45","shopify","41","deny","manual","4.25","","TRUE","TRUE","https://raw.githubusercontent.com/arcmonay/sylvara/main/public/products/rainbow-carrot-seeds.webp","1","Rainbow Carrot Seeds","active"
"rainbow-carrot-seeds","","","","","","","","","","","","","","","","","","","https://raw.githubusercontent.com/arcmonay/sylvara/main/public/products/rainbow-carrot-seeds-2.webp","2","Rainbow Carrot Seeds",""
"rainbow-carrot-seeds","","","","","","","","","","","","","","","","","","","https://raw.githubusercontent.com/arcmonay/sylvara/main/public/products/rainbow-carrot-seeds-3.webp","3","Rainbow Carrot Seeds",""
"provider-bean-seeds","Provider Bush Bean Seeds","<p>An early bush bean that fills a row without a trellis. Freeze what you cannot eat in August.</p><p><strong>Is this right for me?</strong> Direct sow after frost. The definition of a confident first crop.</p><ul><li>Format: Packet</li><li>Treatment: Untreated</li></ul>","HarvestHome","Heirloom Seed Vault","seeds, bean, vegetable, beginner","TRUE","Title","Default","HH-0065","45","shopify","42","deny","manual","4.50","","TRUE","TRUE","https://raw.githubusercontent.com/arcmonay/sylvara/main/public/products/provider-bean-seeds.webp","1","Provider Bush Bean Seeds","active"
"provider-bean-seeds","","","","","","","","","","","","","","","","","","","https://raw.githubusercontent.com/arcmonay/sylvara/main/public/products/provider-bean-seeds-2.webp","2","Provider Bush Bean Seeds",""
"provider-bean-seeds","","","","","","","","","","","","","","","","","","","https://raw.githubusercontent.com/arcmonay/sylvara/main/public/products/provider-bean-seeds-3.webp","3","Provider Bush Bean Seeds",""
"alpine-strawberry","Alpine Strawberry Seeds","<p>Fragaria vesca from seed — small fruit, outsized flavor, happy in a trough or a greenhouse edge. Perennial once established.</p><p><strong>Is this right for me?</strong> Patient people and balcony growers. Not a June-bearing field strawberry.</p><ul><li>Format: Packet</li><li>Treatment: Untreated</li></ul>","HarvestHome","Heirloom Seed Vault","seeds, strawberry, fruit, perennial","TRUE","Title","Default","HH-0066","45","shopify","43","deny","manual","5.95","","TRUE","TRUE","https://raw.githubusercontent.com/arcmonay/sylvara/main/public/products/alpine-strawberry.webp","1","Alpine Strawberry Seeds","active"
"alpine-strawberry","","","","","","","","","","","","","","","","","","","https://raw.githubusercontent.com/arcmonay/sylvara/main/public/products/alpine-strawberry-2.webp","2","Alpine Strawberry Seeds",""
"alpine-strawberry","","","","","","","","","","","","","","","","","","","https://raw.githubusercontent.com/arcmonay/sylvara/main/public/products/alpine-strawberry-3.webp","3","Alpine Strawberry Seeds",""
"sugar-baby-watermelon","Sugar Baby Watermelon Seeds","<p>An icebox melon that ripens in northern summers. Give it heat, water at the root, and one plant per generous hill.</p><p><strong>Is this right for me?</strong> Full sun and space to sprawl. Not a 12-inch pot crop.</p><ul><li>Format: Packet</li><li>Treatment: Untreated</li></ul>","HarvestHome","Heirloom Seed Vault","seeds, watermelon, fruit","TRUE","Title","Default","HH-0067","45","shopify","44","deny","manual","3.95","","TRUE","TRUE","https://raw.githubusercontent.com/arcmonay/sylvara/main/public/products/sugar-baby-watermelon.webp","1","Sugar Baby Watermelon Seeds","active"
"sugar-baby-watermelon","","","","","","","","","","","","","","","","","","","https://raw.githubusercontent.com/arcmonay/sylvara/main/public/products/sugar-baby-watermelon-2.webp","2","Sugar Baby Watermelon Seeds",""
"sugar-baby-watermelon","","","","","","","","","","","","","","","","","","","https://raw.githubusercontent.com/arcmonay/sylvara/main/public/products/sugar-baby-watermelon-3.webp","3","Sugar Baby Watermelon Seeds",""
"native-prairie-mix","Northeast Prairie Forage Mix","<p>A regional mix of grasses and wildflowers for a patch you can stop mowing. Written for the Northeast; not a generic “wildflower can.”</p><p><strong>Is this right for me?</strong> A sunny strip you can leave messy. Lawns you still want to look like lawns are the wrong site.</p><ul><li>Covers: ~200 sq ft</li><li>Region: Northeast / Mid-Atlantic</li></ul>","HarvestHome","Heirloom Seed Vault","seeds, native, pollinator, habitat, meadow","TRUE","Title","Default","HH-0068","45","shopify","45","deny","manual","18.00","","TRUE","TRUE","https://raw.githubusercontent.com/arcmonay/sylvara/main/public/products/native-prairie-mix.webp","1","Northeast Prairie Forage Mix","active"
"native-prairie-mix","","","","","","","","","","","","","","","","","","","https://raw.githubusercontent.com/arcmonay/sylvara/main/public/products/native-prairie-mix-2.webp","2","Northeast Prairie Forage Mix",""
"native-prairie-mix","","","","","","","","","","","","","","","","","","","https://raw.githubusercontent.com/arcmonay/sylvara/main/public/products/native-prairie-mix-3.webp","3","Northeast Prairie Forage Mix",""
"drip-starter-50","Drip Starter 50-ft Kit","<p>Fifty feet of drip line, a filter, a pressure regulator, and the fittings people forget at the hardware store. The kit we send when someone says they want to stop dragging a hose.</p><p><strong>Is this right for me?</strong> Beds and rows up to about 50 feet from a spigot. Not a lawn sprinkler.</p><ul><li>Line: 50 ft 1/2 in drip</li><li>Includes: Filter, regulator, fittings</li></ul>","HarvestHome","Irrigation & Water","irrigation, drip, beginner, water, kit","TRUE","Title","Default","HH-0069","1814","shopify","46","deny","manual","54.00","","TRUE","TRUE","https://raw.githubusercontent.com/arcmonay/sylvara/main/public/products/drip-starter-50.webp","1","Drip Starter 50-ft Kit","active"
"drip-starter-50","","","","","","","","","","","","","","","","","","","https://raw.githubusercontent.com/arcmonay/sylvara/main/public/products/drip-starter-50-2.webp","2","Drip Starter 50-ft Kit",""
"drip-starter-50","","","","","","","","","","","","","","","","","","","https://raw.githubusercontent.com/arcmonay/sylvara/main/public/products/drip-starter-50-3.webp","3","Drip Starter 50-ft Kit",""
"raised-bed-irrigation-kit","Raised Bed Irrigation Kit","<p>Sized for two 4×8 beds: drip lines, a manifold, stakes, and a diagram that assumes you are a person, not an irrigation designer.</p><p><strong>Is this right for me?</strong> If you have (or are buying) rectangular beds. A winding cottage garden wants micro-sprays instead.</p><p><strong>Included:</strong></p><ul><li>Manifold</li><li>Drip line for 2× 4×8 beds</li><li>Stakes</li><li>Fittings</li><li>Diagram</li></ul><ul></ul>","HarvestHome","Irrigation & Water","irrigation, raised-bed, kit, drip, beginner","TRUE","Title","Default","HH-0070","2268","shopify","47","deny","manual","72.00","","TRUE","TRUE","https://raw.githubusercontent.com/arcmonay/sylvara/main/public/products/raised-bed-irrigation-kit.webp","1","Raised Bed Irrigation Kit","active"
"raised-bed-irrigation-kit","","","","","","","","","","","","","","","","","","","https://raw.githubusercontent.com/arcmonay/sylvara/main/public/products/raised-bed-irrigation-kit-2.webp","2","Raised Bed Irrigation Kit",""
"raised-bed-irrigation-kit","","","","","","","","","","","","","","","","","","","https://raw.githubusercontent.com/arcmonay/sylvara/main/public/products/raised-bed-irrigation-kit-3.webp","3","Raised Bed Irrigation Kit",""
"garden-irrigation-kit","Garden Irrigation Kit","<p>A mixed kit: drip for rows, micro-sprays for greens, and a hose-end filter. For a backyard that is not all one geometry.</p><p><strong>Is this right for me?</strong> A typical backyard food garden with beds plus a patch of flowers.</p><ul></ul>","HarvestHome","Irrigation & Water","irrigation, kit, drip, micro","TRUE","Title","Default","HH-0071","3175","shopify","12","deny","manual","96.00","","TRUE","TRUE","https://raw.githubusercontent.com/arcmonay/sylvara/main/public/products/garden-irrigation-kit.webp","1","Garden Irrigation Kit","active"
"garden-irrigation-kit","","","","","","","","","","","","","","","","","","","https://raw.githubusercontent.com/arcmonay/sylvara/main/public/products/garden-irrigation-kit-2.webp","2","Garden Irrigation Kit",""
"garden-irrigation-kit","","","","","","","","","","","","","","","","","","","https://raw.githubusercontent.com/arcmonay/sylvara/main/public/products/garden-irrigation-kit-3.webp","3","Garden Irrigation Kit",""
"soaker-50","Soaker Hose 50 ft","<p>A porous hose that weeps along its length. Lay it, mulch over it, put it on a timer. No emitters to clog in well water.</p><p><strong>Is this right for me?</strong> Straight rows and the base of hedges. Not a good match for pots on a rail.</p><ul><li>Length: 50 ft</li><li>Type: Porous soaker</li></ul>","HarvestHome","Irrigation & Water","irrigation, soaker, water","TRUE","Title","Default","HH-0072","1814","shopify","13","deny","manual","28.00","","TRUE","TRUE","https://raw.githubusercontent.com/arcmonay/sylvara/main/public/products/soaker-50.webp","1","Soaker Hose 50 ft","active"
"soaker-50","","","","","","","","","","","","","","","","","","","https://raw.githubusercontent.com/arcmonay/sylvara/main/public/products/soaker-50-2.webp","2","Soaker Hose 50 ft",""
"soaker-50","","","","","","","","","","","","","","","","","","","https://raw.githubusercontent.com/arcmonay/sylvara/main/public/products/soaker-50-3.webp","3","Soaker Hose 50 ft",""
"micro-sprinkler-kit","Micro-Irrigation Sprinkler Kit","<p>Peg sprinklers on 1/4-inch spikes for greens and newly sown seed that drip would miss. Low trajectory, less waste than an oscillating fan.</p><p><strong>Is this right for me?</strong> Seedbeds and leafy canopies. Fruiting tomatoes still prefer drip at the root.</p><ul><li>Sprinklers: 10</li><li>Throw: ~6 ft each</li></ul>","HarvestHome","Irrigation & Water","irrigation, micro, sprinkler, seedlings","TRUE","Title","Default","HH-0073","907","shopify","14","deny","manual","34.00","","TRUE","TRUE","https://raw.githubusercontent.com/arcmonay/sylvara/main/public/products/micro-sprinkler-kit.webp","1","Micro-Irrigation Sprinkler Kit","active"
"micro-sprinkler-kit","","","","","","","","","","","","","","","","","","","https://raw.githubusercontent.com/arcmonay/sylvara/main/public/products/micro-sprinkler-kit-2.webp","2","Micro-Irrigation Sprinkler Kit",""
"micro-sprinkler-kit","","","","","","","","","","","","","","","","","","","https://raw.githubusercontent.com/arcmonay/sylvara/main/public/products/micro-sprinkler-kit-3.webp","3","Micro-Irrigation Sprinkler Kit",""
"oscillating-sprinkler","Oscillating Bed Sprinkler","<p>A metal-arm sprinkler for establishing a new bed or watering a block of corn. Use it as a tool, not a lifestyle — drip is still smarter for food.</p><p><strong>Is this right for me?</strong> Establishment watering and lawn-adjacent beds. Not the most water-wise daily driver.</p><ul><li>Coverage: Up to 3,000 sq ft</li></ul>","HarvestHome","Irrigation & Water","irrigation, sprinkler","TRUE","Title","Default","HH-0074","907","shopify","15","deny","manual","26.00","","TRUE","TRUE","https://raw.githubusercontent.com/arcmonay/sylvara/main/public/products/oscillating-sprinkler.webp","1","Oscillating Bed Sprinkler","active"
"oscillating-sprinkler","","","","","","","","","","","","","","","","","","","https://raw.githubusercontent.com/arcmonay/sylvara/main/public/products/oscillating-sprinkler-2.webp","2","Oscillating Bed Sprinkler",""
"oscillating-sprinkler","","","","","","","","","","","","","","","","","","","https://raw.githubusercontent.com/arcmonay/sylvara/main/public/products/oscillating-sprinkler-3.webp","3","Oscillating Bed Sprinkler",""
"garden-timer-mechanical","Mechanical Irrigation Timer","<p>A clockwork hose-end timer with no app and no excuses. Two batteries last a season. The device that makes drip kits real.</p><p><strong>Is this right for me?</strong> Everyone who bought drip line and then watered by hand anyway. Start here before a smart controller.</p><ul><li>Zones: 1</li><li>Power: 2× AAA</li></ul>","HarvestHome","Irrigation & Water","irrigation, timer, beginner, automation","TRUE","Title","Default","HH-0075","363","shopify","16","deny","manual","32.00","","TRUE","TRUE","https://raw.githubusercontent.com/arcmonay/sylvara/main/public/products/garden-timer-mechanical.webp","1","Mechanical Irrigation Timer","active"
"garden-timer-mechanical","","","","","","","","","","","","","","","","","","","https://raw.githubusercontent.com/arcmonay/sylvara/main/public/products/garden-timer-mechanical-2.webp","2","Mechanical Irrigation Timer",""
"garden-timer-mechanical","","","","","","","","","","","","","","","","","","","https://raw.githubusercontent.com/arcmonay/sylvara/main/public/products/garden-timer-mechanical-3.webp","3","Mechanical Irrigation Timer",""
"smart-irrigation-controller","Smart Irrigation Controller","<p>A four-zone controller that skips a cycle after rain and lets you water from a phone when the train is late. Weather-aware, not gimmick-aware.</p><p><strong>Is this right for me?</strong> Multiple zones, travel, or a household that fights about who watered. Overkill for one 4×8.</p><ul><li>Zones: 4</li><li>Weather: Rain skip</li></ul>","HarvestHome","Irrigation & Water","irrigation, smart, controller, automation","TRUE","Title","Default","HH-0076","635","shopify","17","deny","manual","159.00","","TRUE","TRUE","https://raw.githubusercontent.com/arcmonay/sylvara/main/public/products/smart-irrigation-controller.webp","1","Smart Irrigation Controller","active"
"smart-irrigation-controller","","","","","","","","","","","","","","","","","","","https://raw.githubusercontent.com/arcmonay/sylvara/main/public/products/smart-irrigation-controller-2.webp","2","Smart Irrigation Controller",""
"smart-irrigation-controller","","","","","","","","","","","","","","","","","","","https://raw.githubusercontent.com/arcmonay/sylvara/main/public/products/smart-irrigation-controller-3.webp","3","Smart Irrigation Controller",""
"rain-barrel-50","Rain Barrel 50 gal","<p>A closed 50-gallon barrel with a screen, overflow, and a brass spigot at the bottom. Roof water for the beds — not a mosquito pond.</p><p><strong>Is this right for me?</strong> Any downspout you can divert. Pair with a pump if you want drip pressure.</p><ul><li>Capacity: 50 gal</li><li>Lid: Screened, child-resistant</li></ul>","HarvestHome","Irrigation & Water","irrigation, rain, water, conservation, barrel","TRUE","Title","Default","HH-0077","9979","shopify","18","deny","manual","149.00","","TRUE","TRUE","https://raw.githubusercontent.com/arcmonay/sylvara/main/public/products/rain-barrel-50.webp","1","Rain Barrel 50 gal","active"
"rain-barrel-50","","","","","","","","","","","","","","","","","","","https://raw.githubusercontent.com/arcmonay/sylvara/main/public/products/rain-barrel-50-2.webp","2","Rain Barrel 50 gal",""
"rain-barrel-50","","","","","","","","","","","","","","","","","","","https://raw.githubusercontent.com/arcmonay/sylvara/main/public/products/rain-barrel-50-3.webp","3","Rain Barrel 50 gal",""
"water-tank-250","Water Storage Tank 250 gal","<p>A 250-gallon food-grade tank for greenhouse production, fire-wise storage, or a serious rain harvest. Sits on a pad; does not roll away.</p><p><strong>Is this right for me?</strong> Greenhouses, farms, and off-grid watering. A 50-gallon barrel is enough for most households.</p><ul><li>Capacity: 250 gal</li><li>Material: Food-grade polyethylene</li></ul>","HarvestHome","Irrigation & Water","irrigation, tank, rain, commercial, water","TRUE","Title","Default","HH-0078","21772","shopify","19","deny","manual","429.00","","TRUE","TRUE","https://raw.githubusercontent.com/arcmonay/sylvara/main/public/products/water-tank-250.webp","1","Water Storage Tank 250 gal","active"
"water-tank-250","","","","","","","","","","","","","","","","","","","https://raw.githubusercontent.com/arcmonay/sylvara/main/public/products/water-tank-250-2.webp","2","Water Storage Tank 250 gal",""
"water-tank-250","","","","","","","","","","","","","","","","","","","https://raw.githubusercontent.com/arcmonay/sylvara/main/public/products/water-tank-250-3.webp","3","Water Storage Tank 250 gal",""
"transfer-pump","Utility Transfer Pump","<p>Moves barrel water up to drip pressure. The missing piece between rain storage and a real irrigation zone.</p><p><strong>Is this right for me?</strong> If gravity from the barrel is not enough for emitters. City-spigot drip kits do not need this.</p><ul><li>Flow: 330 GPH</li><li>Inlet: 3/4 in</li></ul>","HarvestHome","Irrigation & Water","irrigation, pump, rain","TRUE","Title","Default","HH-0079","3629","shopify","20","deny","manual","118.00","","TRUE","TRUE","https://raw.githubusercontent.com/arcmonay/sylvara/main/public/products/transfer-pump.webp","1","Utility Transfer Pump","active"
"transfer-pump","","","","","","","","","","","","","","","","","","","https://raw.githubusercontent.com/arcmonay/sylvara/main/public/products/transfer-pump-2.webp","2","Utility Transfer Pump",""
"transfer-pump","","","","","","","","","","","","","","","","","","","https://raw.githubusercontent.com/arcmonay/sylvara/main/public/products/transfer-pump-3.webp","3","Utility Transfer Pump",""
"disc-filter","Disc Filter","<p>A spin-clean disc filter for drip mains. Open it, rinse it, put it back — the reason emitters survive well water.</p><p><strong>Is this right for me?</strong> Every drip system on well, pond, or barrel water. Cheap insurance.</p><ul><li>Mesh: 120</li><li>Clean: Rinse discs</li></ul>","HarvestHome","Irrigation & Water","irrigation, filter","TRUE","Title","Default","HH-0080","454","shopify","21","deny","manual","24.00","","TRUE","TRUE","https://raw.githubusercontent.com/arcmonay/sylvara/main/public/products/disc-filter.webp","1","Disc Filter","active"
"disc-filter","","","","","","","","","","","","","","","","","","","https://raw.githubusercontent.com/arcmonay/sylvara/main/public/products/disc-filter-2.webp","2","Disc Filter",""
"disc-filter","","","","","","","","","","","","","","","","","","","https://raw.githubusercontent.com/arcmonay/sylvara/main/public/products/disc-filter-3.webp","3","Disc Filter",""
"pressure-regulator","Pressure Regulator 25 PSI","<p>Drip line wants 20–30 PSI. Household spigots often throw 60. This brass puck is the difference between a kit and a fountain.</p><p><strong>Is this right for me?</strong> Municipal water and strong well pumps. Gravity barrels can skip it.</p><ul><li>Output: 25 PSI</li><li>Inlet: 3/4 in hose</li></ul>","HarvestHome","Irrigation & Water","irrigation, regulator, drip","TRUE","Title","Default","HH-0081","272","shopify","22","deny","manual","14.00","","TRUE","TRUE","https://raw.githubusercontent.com/arcmonay/sylvara/main/public/products/pressure-regulator.webp","1","Pressure Regulator 25 PSI","active"
"pressure-regulator","","","","","","","","","","","","","","","","","","","https://raw.githubusercontent.com/arcmonay/sylvara/main/public/products/pressure-regulator-2.webp","2","Pressure Regulator 25 PSI",""
"pressure-regulator","","","","","","","","","","","","","","","","","","","https://raw.githubusercontent.com/arcmonay/sylvara/main/public/products/pressure-regulator-3.webp","3","Pressure Regulator 25 PSI",""
"irrigation-tube-100","Irrigation Tubing 100 ft","<p>One hundred feet of 1/2-inch mainline. The extra run from the house to the back bed is why kits feel “short.”</p><p><strong>Is this right for me?</strong> If the spigot is more than a hose-length from the garden. Measure twice.</p><ul><li>Length: 100 ft</li><li>Size: 1/2 in</li></ul>","HarvestHome","Irrigation & Water","irrigation, tubing","TRUE","Length","50 ft","HH-0082","2722","shopify","23","deny","manual","28.00","","TRUE","TRUE","https://raw.githubusercontent.com/arcmonay/sylvara/main/public/products/irrigation-tube-100.webp","1","Irrigation Tubing 100 ft","active"
"irrigation-tube-100","","","","","","","","","","","","","","","","","","","https://raw.githubusercontent.com/arcmonay/sylvara/main/public/products/irrigation-tube-100-2.webp","2","Irrigation Tubing 100 ft",""
"irrigation-tube-100","","","","","","","","","","","","","","","","","","","https://raw.githubusercontent.com/arcmonay/sylvara/main/public/products/irrigation-tube-100-3.webp","3","Irrigation Tubing 100 ft",""
"emitter-pack","Drip Emitter Assortment","<p>Flag emitters, button emitters, and adjustable stakes. Because plants are not all the same thirst.</p><p><strong>Is this right for me?</strong> A refill and a way to tune a kit. Tomatoes want more than lettuce.</p><ul><li>Count: 40 mixed</li></ul>","HarvestHome","Irrigation & Water","irrigation, emitters, drip","TRUE","Title","Default","HH-0083","363","shopify","24","deny","manual","16.00","","TRUE","TRUE","https://raw.githubusercontent.com/arcmonay/sylvara/main/public/products/emitter-pack.webp","1","Drip Emitter Assortment","active"
"emitter-pack","","","","","","","","","","","","","","","","","","","https://raw.githubusercontent.com/arcmonay/sylvara/main/public/products/emitter-pack-2.webp","2","Drip Emitter Assortment",""
"emitter-pack","","","","","","","","","","","","","","","","","","","https://raw.githubusercontent.com/arcmonay/sylvara/main/public/products/emitter-pack-3.webp","3","Drip Emitter Assortment",""
"connector-assortment","Irrigation Connector Assortment","<p>Tees, elbows, couplings, goof plugs, and hose adapters in a tin. The bag that prevents a mid-project hardware-store run.</p><p><strong>Is this right for me?</strong> Always. Kits never include the extra tee you need.</p><ul><li>Pieces: 60+</li></ul>","HarvestHome","Irrigation & Water","irrigation, fittings, connectors","TRUE","Title","Default","HH-0084","454","shopify","25","deny","manual","18.00","","TRUE","TRUE","https://raw.githubusercontent.com/arcmonay/sylvara/main/public/products/connector-assortment.webp","1","Irrigation Connector Assortment","active"
"connector-assortment","","","","","","","","","","","","","","","","","","","https://raw.githubusercontent.com/arcmonay/sylvara/main/public/products/connector-assortment-2.webp","2","Irrigation Connector Assortment",""
"connector-assortment","","","","","","","","","","","","","","","","","","","https://raw.githubusercontent.com/arcmonay/sylvara/main/public/products/connector-assortment-3.webp","3","Irrigation Connector Assortment",""
"hose-reel","Garden Hose Reel","<p>A crank reel that keeps 100 feet of hose off the tomatoes. Unremarkable, and the yard looks like someone lives there.</p><p><strong>Is this right for me?</strong> If you still water with a wand sometimes — and you will.</p><ul><li>Capacity: 100 ft of 5/8 in hose</li></ul>","HarvestHome","Irrigation & Water","irrigation, hose, reel, tools","TRUE","Title","Default","HH-0085","6350","shopify","26","deny","manual","79.00","","TRUE","TRUE","https://raw.githubusercontent.com/arcmonay/sylvara/main/public/products/hose-reel.webp","1","Garden Hose Reel","active"
"hose-reel","","","","","","","","","","","","","","","","","","","https://raw.githubusercontent.com/arcmonay/sylvara/main/public/products/hose-reel-2.webp","2","Garden Hose Reel",""
"hose-reel","","","","","","","","","","","","","","","","","","","https://raw.githubusercontent.com/arcmonay/sylvara/main/public/products/hose-reel-3.webp","3","Garden Hose Reel",""
"automatic-watering-kit","Automatic Garden Watering Kit","<p>Timer, filter, regulator, 50 feet of drip, and a spare fitting tin. The “I am going away in July” system.</p><p><strong>Is this right for me?</strong> The flagship water kit. If you only buy one irrigation thing, buy this.</p><p><strong>Included:</strong></p><ul><li>Mechanical timer</li><li>Filter</li><li>25 PSI regulator</li><li>50 ft drip line</li><li>Emitter pack</li><li>Connector tin</li></ul><ul></ul>","HarvestHome","Irrigation & Water","irrigation, kit, automation, bundle, beginner","TRUE","Title","Default","HH-0086","3629","shopify","27","deny","manual","118.00","","TRUE","TRUE","https://raw.githubusercontent.com/arcmonay/sylvara/main/public/products/automatic-watering-kit.webp","1","Automatic Garden Watering Kit","active"
"automatic-watering-kit","","","","","","","","","","","","","","","","","","","https://raw.githubusercontent.com/arcmonay/sylvara/main/public/products/automatic-watering-kit-2.webp","2","Automatic Garden Watering Kit",""
"automatic-watering-kit","","","","","","","","","","","","","","","","","","","https://raw.githubusercontent.com/arcmonay/sylvara/main/public/products/automatic-watering-kit-3.webp","3","Automatic Garden Watering Kit",""
"compost-tumbler","Dual Compost Tumbler","<p>Two chambers so you can fill one while the other finishes. Kitchen scraps become something a bed can eat, without a pile that looks like a project abandoned.</p><p><strong>Is this right for me?</strong> Households that cook. A worm bin is better on a balcony; this wants a pad outdoors.</p><ul><li>Chambers: 2 × 18 gal</li><li>Action: Hand crank</li></ul>","HarvestHome","Sustainable Gardening","compost, sustainable, soil, beginner","TRUE","Title","Default","HH-0087","14515","shopify","28","deny","manual","168.00","","TRUE","TRUE","https://raw.githubusercontent.com/arcmonay/sylvara/main/public/products/compost-tumbler.webp","1","Dual Compost Tumbler","active"
"compost-tumbler","","","","","","","","","","","","","","","","","","","https://raw.githubusercontent.com/arcmonay/sylvara/main/public/products/compost-tumbler-2.webp","2","Dual Compost Tumbler",""
"compost-tumbler","","","","","","","","","","","","","","","","","","","https://raw.githubusercontent.com/arcmonay/sylvara/main/public/products/compost-tumbler-3.webp","3","Dual Compost Tumbler",""
"worm-bin","Worm Composting Bin","<p>A stacked tray bin for red wigglers. Quiet, indoor-legal, and the reason apartment gardeners can still make fertility.</p><p><strong>Is this right for me?</strong> Apartments and people who do not want a yard tumbler. You still have to feed them.</p><ul><li>Trays: 3</li><li>Indoor: Yes</li></ul>","HarvestHome","Sustainable Gardening","compost, worms, indoor, balcony, sustainable","TRUE","Title","Default","HH-0088","3629","shopify","29","deny","manual","79.00","","TRUE","TRUE","https://raw.githubusercontent.com/arcmonay/sylvara/main/public/products/worm-bin.webp","1","Worm Composting Bin","active"
"worm-bin","","","","","","","","","","","","","","","","","","","https://raw.githubusercontent.com/arcmonay/sylvara/main/public/products/worm-bin-2.webp","2","Worm Composting Bin",""
"worm-bin","","","","","","","","","","","","","","","","","","","https://raw.githubusercontent.com/arcmonay/sylvara/main/public/products/worm-bin-3.webp","3","Worm Composting Bin",""
"rain-chain-kit","Rain Chain Diverter Kit","<p>A copper-finished chain and a diverter that looks like architecture, not a plastic elbow. Directs roof water toward a barrel or a bed.</p><p><strong>Is this right for me?</strong> A visible downspout you are willing to make beautiful. Pair with a barrel.</p><ul><li>Length: 8 ft chain</li><li>Finish: Copper tone</li></ul>","HarvestHome","Sustainable Gardening","rain, water, conservation","TRUE","Title","Default","HH-0089","2722","shopify","30","deny","manual","86.00","","TRUE","TRUE","https://raw.githubusercontent.com/arcmonay/sylvara/main/public/products/rain-chain-kit.webp","1","Rain Chain Diverter Kit","active"
"rain-chain-kit","","","","","","","","","","","","","","","","","","","https://raw.githubusercontent.com/arcmonay/sylvara/main/public/products/rain-chain-kit-2.webp","2","Rain Chain Diverter Kit",""
"soil-amendment-sack","Living Soil Amendment, 1.5 cu ft","<p>Compost, biochar, and mineral fines in a sack you actually cut into a bed. Not a dye-green “garden soil” bag.</p><p><strong>Is this right for me?</strong> New beds and tired dirt. Hydroponic reservoirs do not want this.</p><ul><li>Volume: 1.5 cu ft</li></ul>","HarvestHome","Sustainable Gardening","soil, amendment, compost, raised-bed","TRUE","Title","Default","HH-0090","12701","shopify","31","deny","manual","22.00","","TRUE","TRUE","https://raw.githubusercontent.com/arcmonay/sylvara/main/public/products/soil-amendment-sack.webp","1","Living Soil Amendment, 1.5 cu ft","active"
"soil-amendment-sack","","","","","","","","","","","","","","","","","","","https://raw.githubusercontent.com/arcmonay/sylvara/main/public/products/soil-amendment-sack-2.webp","2","Living Soil Amendment, 1.5 cu ft",""
"soil-amendment-sack","","","","","","","","","","","","","","","","","","","https://raw.githubusercontent.com/arcmonay/sylvara/main/public/products/soil-amendment-sack-3.webp","3","Living Soil Amendment, 1.5 cu ft",""
"organic-all-purpose","Organic All-Purpose Fertilizer","<p>A balanced, OMRI-listed granular for beds, bags, and greenhouse pots. Food crops, not lawn coloring.</p><p><strong>Is this right for me?</strong> Soil growers. Hydroponic nutrients are a different bottle — do not dump this in a reservoir.</p><ul><li>Analysis: 4-5-4</li><li>Listed: OMRI</li></ul>","HarvestHome","Sustainable Gardening","fertilizer, organic, soil, tomato","TRUE","Title","Default","HH-0091","1814","shopify","32","deny","manual","18.00","","TRUE","TRUE","https://raw.githubusercontent.com/arcmonay/sylvara/main/public/products/organic-all-purpose.webp","1","Organic All-Purpose Fertilizer","active"
"organic-all-purpose","","","","","","","","","","","","","","","","","","","https://raw.githubusercontent.com/arcmonay/sylvara/main/public/products/organic-all-purpose-2.webp","2","Organic All-Purpose Fertilizer",""
"organic-all-purpose","","","","","","","","","","","","","","","","","","","https://raw.githubusercontent.com/arcmonay/sylvara/main/public/products/organic-all-purpose-3.webp","3","Organic All-Purpose Fertilizer",""
"neem-soap-kit","Natural Pest Kit","<p>Neem, insecticidal soap, and a hand sprayer. For aphids and whitefly before they become a personality.</p><p><strong>Is this right for me?</strong> Soft-bodied pests on food plants. Not a miracle for squash vine borer.</p><ul><li>Includes: Neem, soap, 1 L sprayer</li></ul>","HarvestHome","Sustainable Gardening","pest, organic, neem, aphids","TRUE","Title","Default","HH-0092","1361","shopify","33","deny","manual","24.00","","TRUE","TRUE","https://raw.githubusercontent.com/arcmonay/sylvara/main/public/products/neem-soap-kit.webp","1","Natural Pest Kit","active"
"neem-soap-kit","","","","","","","","","","","","","","","","","","","https://raw.githubusercontent.com/arcmonay/sylvara/main/public/products/neem-soap-kit-2.webp","2","Natural Pest Kit",""
"neem-soap-kit","","","","","","","","","","","","","","","","","","","https://raw.githubusercontent.com/arcmonay/sylvara/main/public/products/neem-soap-kit-3.webp","3","Natural Pest Kit",""
"cedar-mulch","Cedar Mulch, 3 cu ft","<p>Aromatic mulch that keeps drip line in place and soil from baking. Water conservation you can see.</p><p><strong>Is this right for me?</strong> Beds with drip or soaker underneath. Do not pile it against stems.</p><ul><li>Volume: 3 cu ft</li></ul>","HarvestHome","Sustainable Gardening","mulch, water, soil","TRUE","Title","Default","HH-0093","9072","shopify","34","deny","manual","12.00","","TRUE","TRUE","https://raw.githubusercontent.com/arcmonay/sylvara/main/public/products/cedar-mulch.webp","1","Cedar Mulch, 3 cu ft","active"
"cedar-mulch","","","","","","","","","","","","","","","","","","","https://raw.githubusercontent.com/arcmonay/sylvara/main/public/products/cedar-mulch-2.webp","2","Cedar Mulch, 3 cu ft",""
"cedar-mulch","","","","","","","","","","","","","","","","","","","https://raw.githubusercontent.com/arcmonay/sylvara/main/public/products/cedar-mulch-3.webp","3","Cedar Mulch, 3 cu ft",""
"raised-bed-4x8","Cedar Raised Bed 4×8","<p>An 11-inch cedar 4×8 that is the unit of American food gardening for a reason. Two people, a level patch, a weekend.</p><p><strong>Is this right for me?</strong> The default backyard food plot. Skip it only if you already have in-ground soil you trust.</p><ul><li>Size: 4 × 8 × 11 in</li><li>Material: Cedar</li></ul>","HarvestHome","Sustainable Gardening","raised-bed, cedar, beginner, food","TRUE","Title","Default","HH-0094","17236","shopify","35","deny","manual","189.00","","TRUE","TRUE","https://raw.githubusercontent.com/arcmonay/sylvara/main/public/products/raised-bed-4x8.webp","1","Cedar Raised Bed 4×8","active"
"raised-bed-4x8","","","","","","","","","","","","","","","","","","","https://raw.githubusercontent.com/arcmonay/sylvara/main/public/products/raised-bed-4x8-2.webp","2","Cedar Raised Bed 4×8",""
"raised-bed-4x8","","","","","","","","","","","","","","","","","","","https://raw.githubusercontent.com/arcmonay/sylvara/main/public/products/raised-bed-4x8-3.webp","3","Cedar Raised Bed 4×8",""
"hand-tool-set","Forged Hand Tool Set","<p>Trowel, hori-hori, and a hand fork in a canvas wrap. Tools you will still have when the plastic ones have snapped.</p><p><strong>Is this right for me?</strong> Everyone. This is not specialty equipment.</p><ul><li>Pieces: 3</li><li>Wrap: Canvas</li></ul>","HarvestHome","Sustainable Gardening","tools, beginner","TRUE","Title","Default","HH-0095","1361","shopify","36","deny","manual","58.00","","TRUE","TRUE","https://raw.githubusercontent.com/arcmonay/sylvara/main/public/products/hand-tool-set.webp","1","Forged Hand Tool Set","active"
"hand-tool-set","","","","","","","","","","","","","","","","","","","https://raw.githubusercontent.com/arcmonay/sylvara/main/public/products/hand-tool-set-2.webp","2","Forged Hand Tool Set",""
"hand-tool-set","","","","","","","","","","","","","","","","","","","https://raw.githubusercontent.com/arcmonay/sylvara/main/public/products/hand-tool-set-3.webp","3","Forged Hand Tool Set",""
"soil-test-kit","Soil Test Kit","<p>pH plus N-P-K in a kitchen-table format, with a mail-in voucher for a lab CEC test if you want the grown-up version.</p><p><strong>Is this right for me?</strong> Before you dump fertilizer into a new bed. Especially if you are on fill dirt.</p><ul><li>At-home: pH, N, P, K</li><li>Lab: Voucher included</li></ul>","HarvestHome","Sustainable Gardening","soil, test, ph","TRUE","Title","Default","HH-0096","272","shopify","37","deny","manual","21.00","","TRUE","TRUE","https://raw.githubusercontent.com/arcmonay/sylvara/main/public/products/soil-test-kit.webp","1","Soil Test Kit","active"
"soil-test-kit","","","","","","","","","","","","","","","","","","","https://raw.githubusercontent.com/arcmonay/sylvara/main/public/products/soil-test-kit-2.webp","2","Soil Test Kit",""
"soil-test-kit","","","","","","","","","","","","","","","","","","","https://raw.githubusercontent.com/arcmonay/sylvara/main/public/products/soil-test-kit-3.webp","3","Soil Test Kit",""
"watering-can-8","8-Liter Watering Can","<p>A balanced can with a fine rose for seedlings and a jet for established pots. You will still want drip. You will still want this.</p><p><strong>Is this right for me?</strong> Seedlings, houseplants, and the beds drip does not reach yet.</p><ul><li>Capacity: 8 L</li><li>Rose: Removable</li></ul>","HarvestHome","Sustainable Gardening","tools, watering, beginner","TRUE","Title","Default","HH-0097","907","shopify","38","deny","manual","36.00","","TRUE","TRUE","https://raw.githubusercontent.com/arcmonay/sylvara/main/public/products/watering-can-8.webp","1","8-Liter Watering Can","active"
"watering-can-8","","","","","","","","","","","","","","","","","","","https://raw.githubusercontent.com/arcmonay/sylvara/main/public/products/watering-can-8-2.webp","2","8-Liter Watering Can",""
"watering-can-8","","","","","","","","","","","","","","","","","","","https://raw.githubusercontent.com/arcmonay/sylvara/main/public/products/watering-can-8-3.webp","3","8-Liter Watering Can",""
"fabric-pots-7","Reusable Fabric Pots, 7 gal (5-pack)","<p>Aeration pots that do not become brittle in a season. Balconies, greenhouse floors, and the overflow when the bed is full.</p><p><strong>Is this right for me?</strong> Renters and anyone who will move plants. Not a substitute for a bed if you have ground.</p><ul><li>Size: 7 gal</li><li>Count: 5</li></ul>","HarvestHome","Sustainable Gardening","containers, fabric pots, balcony, reusable","TRUE","Title","Default","HH-0098","907","shopify","39","deny","manual","32.00","","TRUE","TRUE","https://raw.githubusercontent.com/arcmonay/sylvara/main/public/products/fabric-pots-7.webp","1","Reusable Fabric Pots, 7 gal (5-pack)","active"
"fabric-pots-7","","","","","","","","","","","","","","","","","","","https://raw.githubusercontent.com/arcmonay/sylvara/main/public/products/fabric-pots-7-2.webp","2","Reusable Fabric Pots, 7 gal (5-pack)",""
"fabric-pots-7","","","","","","","","","","","","","","","","","","","https://raw.githubusercontent.com/arcmonay/sylvara/main/public/products/fabric-pots-7-3.webp","3","Reusable Fabric Pots, 7 gal (5-pack)",""
"tomato-cage-pair","Heavy Tomato Cages, Pair","<p>Powder-coated cages that do not shrug at a Brandywine in August. Fold flat in November.</p><p><strong>Is this right for me?</strong> Indeterminate tomatoes. Cherry plants can use them too. Peppers generally do not need them.</p><ul><li>Height: 54 in</li><li>Count: 2</li></ul>","HarvestHome","Sustainable Gardening","tomato, support, cages","TRUE","Title","Default","HH-0099","4536","shopify","40","deny","manual","44.00","","TRUE","TRUE","https://raw.githubusercontent.com/arcmonay/sylvara/main/public/products/tomato-cage-pair.webp","1","Heavy Tomato Cages, Pair","active"
"tomato-cage-pair","","","","","","","","","","","","","","","","","","","https://raw.githubusercontent.com/arcmonay/sylvara/main/public/products/tomato-cage-pair-2.webp","2","Heavy Tomato Cages, Pair",""
"tomato-cage-pair","","","","","","","","","","","","","","","","","","","https://raw.githubusercontent.com/arcmonay/sylvara/main/public/products/tomato-cage-pair-3.webp","3","Heavy Tomato Cages, Pair",""
"copper-cylinder-feeder","Copper Cylinder Bird Feeder","<p>A squirrel-baffled cylinder in copper that weathers instead of peeling. Holds mixed songbird seed without turning into a hopper of mush.</p><p><strong>Is this right for me?</strong> Yards and decks where you will actually refill it. A feeder you ignore becomes a mess.</p><ul><li>Capacity: 2.5 lb</li><li>Material: Copper and steel</li></ul>","HarvestHome","Backyard Wildlife","birds, feeder, habitat, wildlife","TRUE","Title","Default","HH-0100","1814","shopify","41","deny","manual","68.00","","TRUE","TRUE","https://raw.githubusercontent.com/arcmonay/sylvara/main/public/products/copper-cylinder-feeder.webp","1","Copper Cylinder Bird Feeder","active"
"copper-cylinder-feeder","","","","","","","","","","","","","","","","","","","https://raw.githubusercontent.com/arcmonay/sylvara/main/public/products/copper-cylinder-feeder-2.webp","2","Copper Cylinder Bird Feeder",""
"copper-cylinder-feeder","","","","","","","","","","","","","","","","","","","https://raw.githubusercontent.com/arcmonay/sylvara/main/public/products/copper-cylinder-feeder-3.webp","3","Copper Cylinder Bird Feeder",""
"squirrel-baffle-feeder","Squirrel-Resistant Feeder","<p>A weight-sensitive perch that closes under a squirrel and stays open for chickadees. Not magic — still place it with a baffle.</p><p><strong>Is this right for me?</strong> If squirrels currently own the feeder. Birds still need native plants; this is the snack bar.</p><ul><li>Mechanism: Weight-sensitive shroud</li></ul>","HarvestHome","Backyard Wildlife","birds, feeder, squirrel","TRUE","Title","Default","HH-0101","2268","shopify","42","deny","manual","54.00","","TRUE","TRUE","https://raw.githubusercontent.com/arcmonay/sylvara/main/public/products/squirrel-baffle-feeder.webp","1","Squirrel-Resistant Feeder","active"
"squirrel-baffle-feeder","","","","","","","","","","","","","","","","","","","https://raw.githubusercontent.com/arcmonay/sylvara/main/public/products/squirrel-baffle-feeder-2.webp","2","Squirrel-Resistant Feeder",""
"squirrel-baffle-feeder","","","","","","","","","","","","","","","","","","","https://raw.githubusercontent.com/arcmonay/sylvara/main/public/products/squirrel-baffle-feeder-3.webp","3","Squirrel-Resistant Feeder",""
"bluebird-house","Eastern Bluebird House","<p>A monitored box with the right hole and a clean-out. Bluebirds nest in cavities we removed from the landscape — this puts one back.</p><p><strong>Is this right for me?</strong> Open lawn edges and orchards, mounted at the right height, facing away from prevailing weather.</p><ul><li>Hole: 1.5 in</li><li>Clean-out: Side door</li></ul>","HarvestHome","Backyard Wildlife","birds, house, bluebird, habitat","TRUE","Title","Default","HH-0102","1814","shopify","43","deny","manual","42.00","","TRUE","TRUE","https://raw.githubusercontent.com/arcmonay/sylvara/main/public/products/bluebird-house.webp","1","Eastern Bluebird House","active"
"bluebird-house","","","","","","","","","","","","","","","","","","","https://raw.githubusercontent.com/arcmonay/sylvara/main/public/products/bluebird-house-2.webp","2","Eastern Bluebird House",""
"bluebird-house","","","","","","","","","","","","","","","","","","","https://raw.githubusercontent.com/arcmonay/sylvara/main/public/products/bluebird-house-3.webp","3","Eastern Bluebird House",""
"bird-bath-bowl","Low Bird Bath","<p>A shallow glazed bath birds will actually use. Deep bowls drown fledglings; this one does not.</p><p><strong>Is this right for me?</strong> A quiet corner with a view from the kitchen. Change the water; mosquitoes would like you not to.</p><ul><li>Depth: 1.25 in center</li><li>Material: Glazed ceramic</li></ul>","HarvestHome","Backyard Wildlife","birds, bath, water, habitat","TRUE","Title","Default","HH-0103","5443","shopify","44","deny","manual","58.00","","TRUE","TRUE","https://raw.githubusercontent.com/arcmonay/sylvara/main/public/products/bird-bath-bowl.webp","1","Low Bird Bath","active"
"bird-bath-bowl","","","","","","","","","","","","","","","","","","","https://raw.githubusercontent.com/arcmonay/sylvara/main/public/products/bird-bath-bowl-2.webp","2","Low Bird Bath",""
"bird-bath-bowl","","","","","","","","","","","","","","","","","","","https://raw.githubusercontent.com/arcmonay/sylvara/main/public/products/bird-bath-bowl-3.webp","3","Low Bird Bath",""
"mason-bee-hotel","Mason Bee Hotel","<p>Replaceable tubes, a roof, and a design that can be cleaned — unlike the decorative blocks that become pest apartments.</p><p><strong>Is this right for me?</strong> Sunny, morning-light walls near flowers. A hotel without forage is a prop.</p><ul><li>Tubes: Replaceable paper</li><li>Face: East / southeast</li></ul>","HarvestHome","Backyard Wildlife","bees, pollinator, habitat, mason bee","TRUE","Title","Default","HH-0104","1361","shopify","45","deny","manual","36.00","","TRUE","TRUE","https://raw.githubusercontent.com/arcmonay/sylvara/main/public/products/mason-bee-hotel.webp","1","Mason Bee Hotel","active"
"mason-bee-hotel","","","","","","","","","","","","","","","","","","","https://raw.githubusercontent.com/arcmonay/sylvara/main/public/products/mason-bee-hotel-2.webp","2","Mason Bee Hotel",""
"mason-bee-hotel","","","","","","","","","","","","","","","","","","","https://raw.githubusercontent.com/arcmonay/sylvara/main/public/products/mason-bee-hotel-3.webp","3","Mason Bee Hotel",""
"butterfly-feeder","Butterfly Feeding Station","<p>A sponge tray for overripe fruit and a perch. A supplement — the real work is host plants like milkweed.</p><p><strong>Is this right for me?</strong> A fun station next to actual habitat plantings. Alone, it is a decoration.</p><ul><li>Type: Fruit sponge tray</li></ul>","HarvestHome","Backyard Wildlife","butterfly, pollinator, habitat","TRUE","Title","Default","HH-0105","454","shopify","46","deny","manual","22.00","","TRUE","TRUE","https://raw.githubusercontent.com/arcmonay/sylvara/main/public/products/butterfly-feeder.webp","1","Butterfly Feeding Station","active"
"butterfly-feeder","","","","","","","","","","","","","","","","","","","https://raw.githubusercontent.com/arcmonay/sylvara/main/public/products/butterfly-feeder-2.webp","2","Butterfly Feeding Station",""
"butterfly-feeder","","","","","","","","","","","","","","","","","","","https://raw.githubusercontent.com/arcmonay/sylvara/main/public/products/butterfly-feeder-3.webp","3","Butterfly Feeding Station",""
"hummingbird-feeder","Glass Hummingbird Feeder","<p>A wide-mouth glass feeder you can actually clean. Four-to-one water to sugar; no red dye.</p><p><strong>Is this right for me?</strong> If you will wash it every few days in heat. A dirty feeder is worse than none.</p><ul><li>Material: Glass</li><li>Ports: 4</li></ul>","HarvestHome","Backyard Wildlife","hummingbird, feeder, birds","TRUE","Title","Default","HH-0106","454","shopify","47","deny","manual","28.00","","TRUE","TRUE","https://raw.githubusercontent.com/arcmonay/sylvara/main/public/products/hummingbird-feeder.webp","1","Glass Hummingbird Feeder","active"
"hummingbird-feeder","","","","","","","","","","","","","","","","","","","https://raw.githubusercontent.com/arcmonay/sylvara/main/public/products/hummingbird-feeder-2.webp","2","Glass Hummingbird Feeder",""
"hummingbird-feeder","","","","","","","","","","","","","","","","","","","https://raw.githubusercontent.com/arcmonay/sylvara/main/public/products/hummingbird-feeder-3.webp","3","Glass Hummingbird Feeder",""
"bat-house","Colony Bat House","<p>A multi-chamber box for maternity colonies. Mosquito control that is actually ecology, mounted high on a south-facing wall.</p><p><strong>Is this right for me?</strong> Properties with a tall, sunny wall and patience. Occupancy is not overnight.</p><ul><li>Chambers: 3</li><li>Mount: Wall or pole</li></ul>","HarvestHome","Backyard Wildlife","bats, habitat, pest","TRUE","Title","Default","HH-0107","3629","shopify","12","deny","manual","64.00","","TRUE","TRUE","https://raw.githubusercontent.com/arcmonay/sylvara/main/public/products/bat-house.webp","1","Colony Bat House","active"
"bat-house","","","","","","","","","","","","","","","","","","","https://raw.githubusercontent.com/arcmonay/sylvara/main/public/products/bat-house-2.webp","2","Colony Bat House",""
"bat-house","","","","","","","","","","","","","","","","","","","https://raw.githubusercontent.com/arcmonay/sylvara/main/public/products/bat-house-3.webp","3","Colony Bat House",""
"songbird-seed-10","Songbird Seed, 10 lb","<p>A no-filler mix: sunflower, safflower, white millet. What the copper feeder is for.</p><p><strong>Is this right for me?</strong> Anyone with a feeder. Store it dry; skip cheap mixes full of milo the birds kick out.</p><ul><li>Weight: 10 lb</li><li>Mix: Sunflower, safflower, millet</li></ul>","HarvestHome","Backyard Wildlife","bird seed, wildlife, birds","TRUE","Title","Default","HH-0108","4536","shopify","13","deny","manual","18.00","","TRUE","TRUE","https://raw.githubusercontent.com/arcmonay/sylvara/main/public/products/songbird-seed-10.webp","1","Songbird Seed, 10 lb","active"
"songbird-seed-10","","","","","","","","","","","","","","","","","","","https://raw.githubusercontent.com/arcmonay/sylvara/main/public/products/songbird-seed-10-2.webp","2","Songbird Seed, 10 lb",""
"songbird-seed-10","","","","","","","","","","","","","","","","","","","https://raw.githubusercontent.com/arcmonay/sylvara/main/public/products/songbird-seed-10-3.webp","3","Songbird Seed, 10 lb",""
"native-shrub-kit","Native Plant Starter Kit","<p>Three potted Northeast natives (seasonal selection) plus planting notes. Habitat that does not arrive as a seed packet you might forget to stratify.</p><p><strong>Is this right for me?</strong> If you want habitat this season, not next. Live plants ship in-season only.</p><ul></ul>","HarvestHome","Backyard Wildlife","native, plants, habitat, pollinator","TRUE","Title","Default","HH-0109","5443","shopify","14","deny","manual","54.00","","TRUE","TRUE","https://raw.githubusercontent.com/arcmonay/sylvara/main/public/products/native-shrub-kit.webp","1","Native Plant Starter Kit","active"
"native-shrub-kit","","","","","","","","","","","","","","","","","","","https://raw.githubusercontent.com/arcmonay/sylvara/main/public/products/native-shrub-kit-2.webp","2","Native Plant Starter Kit",""
"native-shrub-kit","","","","","","","","","","","","","","","","","","","https://raw.githubusercontent.com/arcmonay/sylvara/main/public/products/native-shrub-kit-3.webp","3","Native Plant Starter Kit",""
"first-time-vegetable-garden","First-Time Vegetable Garden","<p>A 4×8 cedar bed, soil amendment, beginner seed crate, hand tools, and a drip kit with a timer. Dinner is the goal; jargon is not.</p><p><strong>Is this right for me?</strong> A sunny patch of yard and a willingness to water while the drip goes in. The most complete beginner path we sell.</p><p><strong>Included:</strong></p><ul><li>Cedar Raised Bed 4×8</li><li>Living Soil Amendment (3 sacks)</li><li>Beginner Seed Crate</li><li>Raised Bed Irrigation Kit</li><li>Mechanical Timer</li><li>Forged Hand Tool Set</li></ul><ul></ul>","HarvestHome","Complete Growing Systems","bundle, beginner, food, raised-bed, kit","TRUE","Title","Default","HH-0110","35380","shopify","15","deny","manual","348.00","392.00","TRUE","TRUE","https://raw.githubusercontent.com/arcmonay/sylvara/main/public/products/first-time-vegetable-garden.webp","1","First-Time Vegetable Garden","active"
"first-time-vegetable-garden","","","","","","","","","","","","","","","","","","","https://raw.githubusercontent.com/arcmonay/sylvara/main/public/products/first-time-vegetable-garden-2.webp","2","First-Time Vegetable Garden",""
"first-time-vegetable-garden","","","","","","","","","","","","","","","","","","","https://raw.githubusercontent.com/arcmonay/sylvara/main/public/products/first-time-vegetable-garden-3.webp","3","First-Time Vegetable Garden",""
"backyard-hydroponics-starter","Backyard Hydroponics Starter Kit","<p>Grove Six DWC, a 150W LED, pH pen, clay pebbles, and lettuce seed. Proof that hydroponics can be a patio practice, not a lab.</p><p><strong>Is this right for me?</strong> If you want salad without soil and have a waterproof corner. Not a tomato factory.</p><p><strong>Included:</strong></p><ul><li>Grove Six DWC</li><li>Lumen Bar 150</li><li>Pocket pH Meter</li><li>Clay pebbles 10 L</li><li>Lettuce mix seed</li><li>Timer</li></ul><ul></ul>","HarvestHome","Complete Growing Systems","bundle, hydroponics, beginner, indoor, lettuce","TRUE","Title","Default","HH-0111","14515","shopify","16","deny","manual","268.00","304.00","TRUE","TRUE","https://raw.githubusercontent.com/arcmonay/sylvara/main/public/products/backyard-hydroponics-starter.webp","1","Backyard Hydroponics Starter Kit","active"
"backyard-hydroponics-starter","","","","","","","","","","","","","","","","","","","https://raw.githubusercontent.com/arcmonay/sylvara/main/public/products/backyard-hydroponics-starter-2.webp","2","Backyard Hydroponics Starter Kit",""
"backyard-hydroponics-starter","","","","","","","","","","","","","","","","","","","https://raw.githubusercontent.com/arcmonay/sylvara/main/public/products/backyard-hydroponics-starter-3.webp","3","Backyard Hydroponics Starter Kit",""
"balcony-food-garden","Balcony Food Garden","<p>Five fabric pots, an herb seed kit, cherry tomato seed, a watering can, and a clip-rail drip set. Rental-friendly food production.</p><p><strong>Is this right for me?</strong> A railing with six hours of light. If you have only a north well, add a shelf light instead.</p><p><strong>Included:</strong></p><ul><li>5× 7 gal fabric pots</li><li>Indoor Herb Seed Kit</li><li>Organic cherry tomato</li><li>8 L watering can</li><li>Micro drip rail</li></ul><ul></ul>","HarvestHome","Complete Growing Systems","bundle, balcony, beginner, apartment, food","TRUE","Title","Default","HH-0112","5443","shopify","17","deny","manual","128.00","","TRUE","TRUE","https://raw.githubusercontent.com/arcmonay/sylvara/main/public/products/balcony-food-garden.webp","1","Balcony Food Garden","active"
"balcony-food-garden","","","","","","","","","","","","","","","","","","","https://raw.githubusercontent.com/arcmonay/sylvara/main/public/products/balcony-food-garden-2.webp","2","Balcony Food Garden",""
"balcony-food-garden","","","","","","","","","","","","","","","","","","","https://raw.githubusercontent.com/arcmonay/sylvara/main/public/products/balcony-food-garden-3.webp","3","Balcony Food Garden",""
"greenhouse-starter-package","Greenhouse Starter Package","<p>The Yardhouse 6×8 plus benches, auto vents, a drip kit, and a thermometer pack. A working house, not a kit of walls.</p><p><strong>Is this right for me?</strong> Homeowners ready to place a structure. You still need a pad.</p><p><strong>Included:</strong></p><ul><li>Yardhouse 6×8</li><li>Cedar bench</li><li>Staging shelf</li><li>Two auto vents</li><li>Greenhouse drip kit</li><li>Accessory pack</li></ul><ul></ul>","HarvestHome","Complete Growing Systems","bundle, greenhouse, serious","TRUE","Title","Default","HH-0113","117934","shopify","18","deny","manual","2290.00","2480.00","TRUE","TRUE","https://raw.githubusercontent.com/arcmonay/sylvara/main/public/products/greenhouse-starter-package.webp","1","Greenhouse Starter Package","active"
"greenhouse-starter-package","","","","","","","","","","","","","","","","","","","https://raw.githubusercontent.com/arcmonay/sylvara/main/public/products/greenhouse-starter-package-2.webp","2","Greenhouse Starter Package",""
"greenhouse-starter-package","","","","","","","","","","","","","","","","","","","https://raw.githubusercontent.com/arcmonay/sylvara/main/public/products/greenhouse-starter-package-3.webp","3","Greenhouse Starter Package",""
"pollinator-garden-kit","Pollinator Garden Kit","<p>Zinnia mix, milkweed, coneflower, a mason bee hotel, and a planting map for a 6×10 patch. Habitat as a product, not a pamphlet.</p><p><strong>Is this right for me?</strong> A sunny strip you can stop spraying. Pesticide habits and pollinator kits cannot share a shed.</p><p><strong>Included:</strong></p><ul><li>Pollinator zinnia mix</li><li>Common milkweed</li><li>Purple coneflower</li><li>Mason bee hotel</li><li>6×10 planting map</li></ul><ul></ul>","HarvestHome","Complete Growing Systems","bundle, pollinator, habitat, beginner, birds","TRUE","Title","Default","HH-0114","2268","shopify","19","deny","manual","64.00","","TRUE","TRUE","https://raw.githubusercontent.com/arcmonay/sylvara/main/public/products/pollinator-garden-kit.webp","1","Pollinator Garden Kit","active"
"pollinator-garden-kit","","","","","","","","","","","","","","","","","","","https://raw.githubusercontent.com/arcmonay/sylvara/main/public/products/pollinator-garden-kit-2.webp","2","Pollinator Garden Kit",""
"pollinator-garden-kit","","","","","","","","","","","","","","","","","","","https://raw.githubusercontent.com/arcmonay/sylvara/main/public/products/pollinator-garden-kit-3.webp","3","Pollinator Garden Kit",""
"self-sufficient-backyard","Self-Sufficient Backyard Package","<p>Raised bed, drip automation, compost tumbler, rain barrel, seed vault, and a pollinator strip. The long game: food, water, fertility, habitat.</p><p><strong>Is this right for me?</strong> A yard and a season you can tend. This is a system, not a Saturday impulse.</p><p><strong>Included:</strong></p><ul><li>Cedar Raised Bed 4×8</li><li>Automatic Garden Watering Kit</li><li>Dual Compost Tumbler</li><li>Rain Barrel 50 gal</li><li>Heirloom Seed Vault Box</li><li>Pollinator Garden Kit</li></ul><ul></ul>","HarvestHome","Complete Growing Systems","bundle, food, water, compost, habitat, serious","TRUE","Title","Default","HH-0115","63503","shopify","20","deny","manual","780.00","860.00","TRUE","TRUE","https://raw.githubusercontent.com/arcmonay/sylvara/main/public/products/self-sufficient-backyard.webp","1","Self-Sufficient Backyard Package","active"
"self-sufficient-backyard","","","","","","","","","","","","","","","","","","","https://raw.githubusercontent.com/arcmonay/sylvara/main/public/products/self-sufficient-backyard-2.webp","2","Self-Sufficient Backyard Package",""
"indoor-herb-garden","Indoor Herb Garden","<p>The four-tier shelf, herb seed kit, timer, and a watering can. A kitchen garden that does not depend on a landlord’s dirt.</p><p><strong>Is this right for me?</strong> A wall outlet and a corner that can take a 30-inch rack. The most mainstream indoor system we sell.</p><p><strong>Included:</strong></p><ul><li>Four-Tier Growing Shelf</li><li>Indoor Herb Seed Kit</li><li>Smart Outlet Timer</li><li>8 L watering can</li><li>Fabric pots</li></ul><ul></ul>","HarvestHome","Complete Growing Systems","bundle, indoor, herbs, beginner, apartment","TRUE","Title","Default","HH-0116","19051","shopify","21","deny","manual","298.00","329.00","TRUE","TRUE","https://raw.githubusercontent.com/arcmonay/sylvara/main/public/products/indoor-herb-garden.webp","1","Indoor Herb Garden","active"
"indoor-herb-garden","","","","","","","","","","","","","","","","","","","https://raw.githubusercontent.com/arcmonay/sylvara/main/public/products/indoor-herb-garden-2.webp","2","Indoor Herb Garden",""
"indoor-herb-garden","","","","","","","","","","","","","","","","","","","https://raw.githubusercontent.com/arcmonay/sylvara/main/public/products/indoor-herb-garden-3.webp","3","Indoor Herb Garden",""
"year-round-food-system","Year-Round Food Growing System","<p>Indoor shelf for winter, DWC for greens, a 4×8 for summer, and lights to start seed in February. The calendar, productized.</p><p><strong>Is this right for me?</strong> If you already know you will garden in January. A lot of gear — satisfying if you use it.</p><p><strong>Included:</strong></p><ul><li>Indoor Herb Garden core (shelf + lights)</li><li>Grove Six DWC</li><li>Cedar Raised Bed 4×8</li><li>Automatic watering kit</li><li>Seed vault box</li><li>Propagation light and heat mat</li></ul><ul></ul>","HarvestHome","Complete Growing Systems","bundle, year-round, food, indoor, serious","TRUE","Title","Default","HH-0117","54431","shopify","22","deny","manual","890.00","980.00","TRUE","TRUE","https://raw.githubusercontent.com/arcmonay/sylvara/main/public/products/year-round-food-system.webp","1","Year-Round Food Growing System","active"
"year-round-food-system","","","","","","","","","","","","","","","","","","","https://raw.githubusercontent.com/arcmonay/sylvara/main/public/products/year-round-food-system-2.webp","2","Year-Round Food Growing System",""
"year-round-food-system","","","","","","","","","","","","","","","","","","","https://raw.githubusercontent.com/arcmonay/sylvara/main/public/products/year-round-food-system-3.webp","3","Year-Round Food Growing System",""
"habitat-collection","Build a Backyard Habitat","<p>Feeder, bath, bee hotel, native seed mix, and a bluebird house. The collection that makes a food garden part of a food web.</p><p><strong>Is this right for me?</strong> A yard you will tend as habitat, not a show lawn. Pesticides undo this kit.</p><p><strong>Included:</strong></p><ul><li>Copper cylinder feeder</li><li>Low bird bath</li><li>Mason bee hotel</li><li>Northeast prairie mix</li><li>Eastern bluebird house</li><li>Songbird seed 10 lb</li></ul><ul></ul>","HarvestHome","Complete Growing Systems","bundle, habitat, birds, pollinator, wildlife","TRUE","Title","Default","HH-0118","12701","shopify","23","deny","manual","198.00","222.00","TRUE","TRUE","https://raw.githubusercontent.com/arcmonay/sylvara/main/public/products/habitat-collection.webp","1","Build a Backyard Habitat","active"
"habitat-collection","","","","","","","","","","","","","","","","","","","https://raw.githubusercontent.com/arcmonay/sylvara/main/public/products/habitat-collection-2.webp","2","Build a Backyard Habitat",""
"habitat-collection","","","","","","","","","","","","","","","","","","","https://raw.githubusercontent.com/arcmonay/sylvara/main/public/products/habitat-collection-3.webp","3","Build a Backyard Habitat",""
"rdwc-24-site","Ridge 24-Site Recirculating DWC","<p>Twenty-four sites on a shared manifold, chilled reservoir, and air stones that actually keep roots white. Built for a sealed indoor food room or a greenhouse bay — lettuce, basil, and compact fruiting crops at a production pace.</p><p><strong>Is this right for me?</strong> If you already run reservoirs and want a room that harvests weekly. Not a first hydroponic kit.</p><ul><li>Sites: 24</li><li>Reservoir: 80 gal shared</li><li>Method: Recirculating DWC</li><li>Power: Air + water pumps, 120V</li></ul>","HarvestHome","Hydroponics","hydroponics, rdwc, dwc, commercial, indoor, food, serious","TRUE","Title","Default","HH-0119","81647","shopify","24","deny","manual","4280.00","","TRUE","TRUE","https://raw.githubusercontent.com/arcmonay/sylvara/main/public/products/rdwc-24-site.webp","1","Ridge 24-Site Recirculating DWC","active"
"rdwc-24-site","","","","","","","","","","","","","","","","","","","https://raw.githubusercontent.com/arcmonay/sylvara/main/public/products/rdwc-24-site-2.webp","2","Ridge 24-Site Recirculating DWC",""
"rdwc-24-site","","","","","","","","","","","","","","","","","","","https://raw.githubusercontent.com/arcmonay/sylvara/main/public/products/rdwc-24-site-3.webp","3","Ridge 24-Site Recirculating DWC",""
"dutch-bucket-tomato-16","Dutch Bucket Tomato Line — 16 Sites","<p>Sixteen Bato-style buckets on a drip return, sized for indeterminate tomatoes and cucumbers in a greenhouse aisle. Media in the bucket, nutrients in the tank — the classic greenhouse fruiting layout.</p><p><strong>Is this right for me?</strong> Greenhouse fruiting crops. Skip it for lettuce — NFT or DWC is cleaner for greens.</p><ul><li>Sites: 16</li><li>Bucket: 11 L Bato-style</li><li>Return: Shared drain line</li></ul>","HarvestHome","Hydroponics","hydroponics, dutch-bucket, tomato, greenhouse, commercial","TRUE","Title","Default","HH-0120","43545","shopify","25","deny","manual","1890.00","","TRUE","TRUE","https://raw.githubusercontent.com/arcmonay/sylvara/main/public/products/dutch-bucket-tomato-16.webp","1","Dutch Bucket Tomato Line — 16 Sites","active"
"dutch-bucket-tomato-16","","","","","","","","","","","","","","","","","","","https://raw.githubusercontent.com/arcmonay/sylvara/main/public/products/dutch-bucket-tomato-16-2.webp","2","Dutch Bucket Tomato Line — 16 Sites",""
"dutch-bucket-tomato-16","","","","","","","","","","","","","","","","","","","https://raw.githubusercontent.com/arcmonay/sylvara/main/public/products/dutch-bucket-tomato-16-3.webp","3","Dutch Bucket Tomato Line — 16 Sites",""
"commercial-nft-gutter-40","Channel Forty Commercial NFT","<p>Forty planting sites on food-grade gutters with a covered return. The lettuce line a garden center actually runs — not a windowsill toy.</p><p><strong>Is this right for me?</strong> Operators who already understand flow rates. A first NFT should be the twelve-site channel.</p><ul><li>Sites: 40</li><li>Channels: 4 × 10</li><li>Length: 20 ft runs</li></ul>","HarvestHome","Hydroponics","hydroponics, nft, lettuce, commercial, greenhouse, pro","TRUE","Title","Default","HH-0121","95254","shopify","26","deny","manual","6420.00","","TRUE","TRUE","https://raw.githubusercontent.com/arcmonay/sylvara/main/public/products/commercial-nft-gutter-40.webp","1","Channel Forty Commercial NFT","active"
"commercial-nft-gutter-40","","","","","","","","","","","","","","","","","","","https://raw.githubusercontent.com/arcmonay/sylvara/main/public/products/commercial-nft-gutter-40-2.webp","2","Channel Forty Commercial NFT",""
"commercial-nft-gutter-40","","","","","","","","","","","","","","","","","","","https://raw.githubusercontent.com/arcmonay/sylvara/main/public/products/commercial-nft-gutter-40-3.webp","3","Channel Forty Commercial NFT",""
"stainless-conical-80","Stainless Conical Nutrient Tank — 80 gal","<p>An 80-gallon 304 stainless conical with a bottom dump, racking arm, and lid ports. The same brew-style canisters commercial kitchens and breweries use — here they mix and hold nutrient solution, not wort.</p><p><strong>Is this right for me?</strong> Production rooms that need a tank you can sanitize, dump, and see. A plastic cistern is cheaper if you only need volume.</p><ul><li>Capacity: 80 gal</li><li>Material: 304 stainless</li><li>Outlet: 1.5 in tri-clamp</li><li>Shape: Conical</li></ul>","HarvestHome","Hydroponics","hydroponics, stainless, tank, reservoir, commercial, brewing","TRUE","Title","Default","HH-0122","41730","shopify","27","deny","manual","2840.00","","TRUE","TRUE","https://raw.githubusercontent.com/arcmonay/sylvara/main/public/products/stainless-conical-80.webp","1","Stainless Conical Nutrient Tank — 80 gal","active"
"stainless-conical-80","","","","","","","","","","","","","","","","","","","https://raw.githubusercontent.com/arcmonay/sylvara/main/public/products/stainless-conical-80-2.webp","2","Stainless Conical Nutrient Tank — 80 gal",""
"stainless-conical-80","","","","","","","","","","","","","","","","","","","https://raw.githubusercontent.com/arcmonay/sylvara/main/public/products/stainless-conical-80-3.webp","3","Stainless Conical Nutrient Tank — 80 gal",""
"brew-kettle-reservoir-50","Brew-Kettle Reservoir — 50 gal","<p>A 50-gallon stainless kettle with a ball valve, thermometer well, and lid. Used as a heated mixing tank for nutrients, compost tea, or a greenhouse header — the brewing canister people recognize from a taproom floor.</p><p><strong>Is this right for me?</strong> Batch mixing and smaller rooms. Step up to the conical when you want dump-and-clean every week.</p><ul><li>Capacity: 50 gal</li><li>Material: 304 stainless</li><li>Valve: 1 in ball</li></ul>","HarvestHome","Hydroponics","hydroponics, stainless, kettle, reservoir, mixing, brewing","TRUE","Title","Default","HH-0123","24494","shopify","28","deny","manual","1180.00","","TRUE","TRUE","https://raw.githubusercontent.com/arcmonay/sylvara/main/public/products/brew-kettle-reservoir-50.webp","1","Brew-Kettle Reservoir — 50 gal","active"
"brew-kettle-reservoir-50","","","","","","","","","","","","","","","","","","","https://raw.githubusercontent.com/arcmonay/sylvara/main/public/products/brew-kettle-reservoir-50-2.webp","2","Brew-Kettle Reservoir — 50 gal",""
"brew-kettle-reservoir-50","","","","","","","","","","","","","","","","","","","https://raw.githubusercontent.com/arcmonay/sylvara/main/public/products/brew-kettle-reservoir-50-3.webp","3","Brew-Kettle Reservoir — 50 gal",""
"ibc-tote-275","Food-Grade IBC Tote — 275 gal","<p>A cage-protected 275-gallon tote with a 2-inch valve. Rain harvest, nutrient bulk, or a greenhouse header tank. The workhorse of farm water — not pretty, extremely useful.</p><p><strong>Is this right for me?</strong> Volume on a budget. Stainless if you mix nutrients daily; this if you store water.</p><ul><li>Capacity: 275 gal</li><li>Outlet: 2 in valve</li><li>Cage: Galvanized</li></ul>","HarvestHome","Irrigation & Water","irrigation, tank, ibc, rain, commercial, water","TRUE","Title","Default","HH-0124","58967","shopify","29","deny","manual","890.00","","TRUE","TRUE","https://raw.githubusercontent.com/arcmonay/sylvara/main/public/products/ibc-tote-275.webp","1","Food-Grade IBC Tote — 275 gal","active"
"ibc-tote-275","","","","","","","","","","","","","","","","","","","https://raw.githubusercontent.com/arcmonay/sylvara/main/public/products/ibc-tote-275-2.webp","2","Food-Grade IBC Tote — 275 gal",""
"ibc-tote-275","","","","","","","","","","","","","","","","","","","https://raw.githubusercontent.com/arcmonay/sylvara/main/public/products/ibc-tote-275-3.webp","3","Food-Grade IBC Tote — 275 gal",""
"drum-reservoir-55-pair","Food-Grade Drum Reservoirs — Pair of 55 gal","<p>Two closed 55-gallon drums with bulkhead fittings. A cheap, clean pair of reservoirs for a flood table or a small RDWC — the plastic cousins of the brew canisters.</p><p><strong>Is this right for me?</strong> Home production rooms that are not ready for stainless. You still need a lid that seals.</p><ul><li>Capacity: 2 × 55 gal</li><li>Material: HDPE, food-grade</li></ul>","HarvestHome","Hydroponics","hydroponics, reservoir, drum, tank","TRUE","Title","Default","HH-0125","16329","shopify","30","deny","manual","248.00","","TRUE","TRUE","https://raw.githubusercontent.com/arcmonay/sylvara/main/public/products/drum-reservoir-55-pair.webp","1","Food-Grade Drum Reservoirs — Pair of 55 gal","active"
"drum-reservoir-55-pair","","","","","","","","","","","","","","","","","","","https://raw.githubusercontent.com/arcmonay/sylvara/main/public/products/drum-reservoir-55-pair-2.webp","2","Food-Grade Drum Reservoirs — Pair of 55 gal",""
"drum-reservoir-55-pair","","","","","","","","","","","","","","","","","","","https://raw.githubusercontent.com/arcmonay/sylvara/main/public/products/drum-reservoir-55-pair-3.webp","3","Food-Grade Drum Reservoirs — Pair of 55 gal",""
"flood-table-4x8","Flood Table 4×8 with Stand","<p>An 4×8 ebb-and-flow table on a powder-coated stand, with a dump fitting and a reservoir cutout. The indoor production deck for trays of greens, clones, or potted media.</p><p><strong>Is this right for me?</strong> A dedicated indoor bay. Too large for a closet tent.</p><ul><li>Size: 4 × 8 ft</li><li>Depth: 7 in</li><li>Stand: Included</li></ul>","HarvestHome","Hydroponics","hydroponics, ebb-flow, flood table, indoor, commercial","TRUE","Title","Default","HH-0126","39916","shopify","31","deny","manual","980.00","","TRUE","TRUE","https://raw.githubusercontent.com/arcmonay/sylvara/main/public/products/flood-table-4x8.webp","1","Flood Table 4×8 with Stand","active"
"flood-table-4x8","","","","","","","","","","","","","","","","","","","https://raw.githubusercontent.com/arcmonay/sylvara/main/public/products/flood-table-4x8-2.webp","2","Flood Table 4×8 with Stand",""
"flood-table-4x8","","","","","","","","","","","","","","","","","","","https://raw.githubusercontent.com/arcmonay/sylvara/main/public/products/flood-table-4x8-3.webp","3","Flood Table 4×8 with Stand",""
"canopy-tent-8x8","Canopy Production Tent 8×8","<p>An 8×8 sealed tent with a spill tray, 8-inch ports, and a frame that holds a 1000W bar without sagging. A full indoor food room you can put in a basement or barn bay.</p><p><strong>Is this right for me?</strong> If the 4×4 already feels like a closet. Measure ceiling height and a path for the dehumidifier.</p><ul><li>Size: 96 × 96 × 80 in</li><li>Ports: 8 in × 4</li><li>Floor: Welded tray</li></ul>","HarvestHome","Indoor Growing","indoor, tent, cea, production, serious","TRUE","Title","Default","HH-0127","32659","shopify","32","deny","manual","890.00","","TRUE","TRUE","https://raw.githubusercontent.com/arcmonay/sylvara/main/public/products/canopy-tent-8x8.webp","1","Canopy Production Tent 8×8","active"
"canopy-tent-8x8","","","","","","","","","","","","","","","","","","","https://raw.githubusercontent.com/arcmonay/sylvara/main/public/products/canopy-tent-8x8-2.webp","2","Canopy Production Tent 8×8",""
"canopy-tent-8x8","","","","","","","","","","","","","","","","","","","https://raw.githubusercontent.com/arcmonay/sylvara/main/public/products/canopy-tent-8x8-3.webp","3","Canopy Production Tent 8×8",""
"lumen-bar-650","Lumen Bar 650W Full-Spectrum LED","<p>A 650-watt bar fixture with a real PPFD map for a 4×4 to 5×5 canopy. Built for fruiting tomatoes and dense greens — not a blurple novelty.</p><p><strong>Is this right for me?</strong> A 4×4 tent or a greenhouse bay that needs winter light. The 150W bar is enough for herbs.</p><ul><li>Draw: 650W</li><li>Coverage: 4×4 to 5×5 ft</li><li>Spectrum: Full, white + 660 nm</li></ul>","HarvestHome","Indoor Growing","indoor, led, light, commercial, serious","TRUE","Title","Default","HH-0128","8165","shopify","33","deny","manual","789.00","","TRUE","TRUE","https://raw.githubusercontent.com/arcmonay/sylvara/main/public/products/lumen-bar-650.webp","1","Lumen Bar 650W Full-Spectrum LED","active"
"lumen-bar-650","","","","","","","","","","","","","","","","","","","https://raw.githubusercontent.com/arcmonay/sylvara/main/public/products/lumen-bar-650-2.webp","2","Lumen Bar 650W Full-Spectrum LED",""
"lumen-bar-650","","","","","","","","","","","","","","","","","","","https://raw.githubusercontent.com/arcmonay/sylvara/main/public/products/lumen-bar-650-3.webp","3","Lumen Bar 650W Full-Spectrum LED",""
"lumen-bar-1000","Lumen Bar 1000W Production LED","<p>A 1000-watt production bar for 5×5 to 8×4 canopies. The light that turns a sealed room into a year-round tomato and greens line.</p><p><strong>Is this right for me?</strong> 8×8 rooms and greenhouse benches that need winter PPFD. Overkill for a kitchen shelf.</p><ul><li>Draw: 1000W</li><li>Coverage: 5×5 to 8×4 ft</li><li>Dimming: 0–10V</li></ul>","HarvestHome","Indoor Growing","indoor, led, light, commercial, pro","TRUE","Title","Default","HH-0129","12701","shopify","34","deny","manual","1240.00","","TRUE","TRUE","https://raw.githubusercontent.com/arcmonay/sylvara/main/public/products/lumen-bar-1000.webp","1","Lumen Bar 1000W Production LED","active"
"lumen-bar-1000","","","","","","","","","","","","","","","","","","","https://raw.githubusercontent.com/arcmonay/sylvara/main/public/products/lumen-bar-1000-2.webp","2","Lumen Bar 1000W Production LED",""
"lumen-bar-1000","","","","","","","","","","","","","","","","","","","https://raw.githubusercontent.com/arcmonay/sylvara/main/public/products/lumen-bar-1000-3.webp","3","Lumen Bar 1000W Production LED",""
"inline-fan-8-package","8-Inch Inline Fan & Carbon Filter Package","<p>An 8-inch mixed-flow fan, a carbon filter, and ducting sized for an 8×8 room. Air in, odor and humidity managed, canopy temperature actually controllable.</p><p><strong>Is this right for me?</strong> Sealed rooms and large tents. A clip fan is not this.</p><ul><li>Duct: 8 in</li><li>Airflow: 720 CFM</li><li>Filter: Carbon, 8 in</li></ul>","HarvestHome","Indoor Growing","indoor, ventilation, fan, filter, climate, cea","TRUE","Title","Default","HH-0130","15422","shopify","35","deny","manual","468.00","","TRUE","TRUE","https://raw.githubusercontent.com/arcmonay/sylvara/main/public/products/inline-fan-8-package.webp","1","8-Inch Inline Fan & Carbon Filter Package","active"
"inline-fan-8-package","","","","","","","","","","","","","","","","","","","https://raw.githubusercontent.com/arcmonay/sylvara/main/public/products/inline-fan-8-package-2.webp","2","8-Inch Inline Fan & Carbon Filter Package",""
"inline-fan-8-package","","","","","","","","","","","","","","","","","","","https://raw.githubusercontent.com/arcmonay/sylvara/main/public/products/inline-fan-8-package-3.webp","3","8-Inch Inline Fan & Carbon Filter Package",""
"commercial-dehumidifier","Commercial Grow-Room Dehumidifier","<p>A pint-hungry dehumidifier built for a sealed food room — condensate hose, auto-defrost, and a humidistat that talks to the rest of the climate stack.</p><p><strong>Is this right for me?</strong> Rooms that sweat. A household unit will ice over and quit.</p><ul><li>Removal: 70 pints/day</li><li>Drain: Hose</li><li>Humidistat: Built-in</li></ul>","HarvestHome","Indoor Growing","indoor, climate, dehumidifier, cea, commercial","TRUE","Title","Default","HH-0131","30844","shopify","36","deny","manual","1890.00","","TRUE","TRUE","https://raw.githubusercontent.com/arcmonay/sylvara/main/public/products/commercial-dehumidifier.webp","1","Commercial Grow-Room Dehumidifier","active"
"commercial-dehumidifier","","","","","","","","","","","","","","","","","","","https://raw.githubusercontent.com/arcmonay/sylvara/main/public/products/commercial-dehumidifier-2.webp","2","Commercial Grow-Room Dehumidifier",""
"commercial-dehumidifier","","","","","","","","","","","","","","","","","","","https://raw.githubusercontent.com/arcmonay/sylvara/main/public/products/commercial-dehumidifier-3.webp","3","Commercial Grow-Room Dehumidifier",""
"co2-greenhouse-kit","Greenhouse CO₂ Enrichment Kit","<p>A regulator, emitter, and sensor package for a sealed greenhouse or indoor bay. More carbon in the air when the vents are closed — tomatoes and greens notice.</p><p><strong>Is this right for me?</strong> Sealed rooms with lights on. Open vents dump the gas — do not buy this for a leaky hoop house.</p><ul><li>Sensor: NDIR</li><li>Output: Regulator + emitter</li></ul>","HarvestHome","Indoor Growing","indoor, greenhouse, co2, cea, climate","TRUE","Title","Default","HH-0132","9979","shopify","37","deny","manual","980.00","","TRUE","TRUE","https://raw.githubusercontent.com/arcmonay/sylvara/main/public/products/co2-greenhouse-kit.webp","1","Greenhouse CO₂ Enrichment Kit","active"
"co2-greenhouse-kit","","","","","","","","","","","","","","","","","","","https://raw.githubusercontent.com/arcmonay/sylvara/main/public/products/co2-greenhouse-kit-2.webp","2","Greenhouse CO₂ Enrichment Kit",""
"co2-greenhouse-kit","","","","","","","","","","","","","","","","","","","https://raw.githubusercontent.com/arcmonay/sylvara/main/public/products/co2-greenhouse-kit-3.webp","3","Greenhouse CO₂ Enrichment Kit",""
"vertical-rack-4tier-commercial","Four-Tier Vertical Production Rack","<p>A 4×8 four-tier rack with light mounts and flood trays. The vertical farm in miniature — greens on every level, footprint of one table.</p><p><strong>Is this right for me?</strong> Indoor greens at density. Fruiting tomatoes want a Dutch bucket aisle, not a four-tier.</p><ul><li>Tiers: 4</li><li>Footprint: 4 × 8 ft</li><li>Height: 8 ft</li></ul>","HarvestHome","Indoor Growing","indoor, vertical, rack, commercial, cea","TRUE","Title","Default","HH-0133","72575","shopify","38","deny","manual","2140.00","","TRUE","TRUE","https://raw.githubusercontent.com/arcmonay/sylvara/main/public/products/vertical-rack-4tier-commercial.webp","1","Four-Tier Vertical Production Rack","active"
"vertical-rack-4tier-commercial","","","","","","","","","","","","","","","","","","","https://raw.githubusercontent.com/arcmonay/sylvara/main/public/products/vertical-rack-4tier-commercial-2.webp","2","Four-Tier Vertical Production Rack",""
"vertical-rack-4tier-commercial","","","","","","","","","","","","","","","","","","","https://raw.githubusercontent.com/arcmonay/sylvara/main/public/products/vertical-rack-4tier-commercial-3.webp","3","Four-Tier Vertical Production Rack",""
"production-room-bundle","Indoor Production Room Package","<p>8×8 tent, 1000W LED, 8-inch air package, dehumidifier, controller, 24-site RDWC, and the stainless conical. A sealed indoor food room as one decision — quoted because freight and electrical are site-specific.</p><p><strong>Is this right for me?</strong> Operators converting a basement, barn bay, or spare room into food production. Not a kitchen herb kit.</p><p><strong>Included:</strong></p><ul><li>Canopy Production Tent 8×8</li><li>Lumen Bar 1000W</li><li>8-Inch inline & carbon package</li><li>Commercial dehumidifier</li><li>Environment controller</li><li>Ridge 24-site RDWC</li><li>Stainless conical 80 gal</li></ul><ul></ul>","HarvestHome","Complete Growing Systems","bundle, indoor, cea, commercial, hydroponics, serious","TRUE","Title","Default","HH-0134","235868","shopify","0","deny","manual","12890.00","","TRUE","TRUE","https://raw.githubusercontent.com/arcmonay/sylvara/main/public/products/production-room-bundle.webp","1","Indoor Production Room Package","draft"
"production-room-bundle","","","","","","","","","","","","","","","","","","","https://raw.githubusercontent.com/arcmonay/sylvara/main/public/products/production-room-bundle-2.webp","2","Indoor Production Room Package",""
"production-room-bundle","","","","","","","","","","","","","","","","","","","https://raw.githubusercontent.com/arcmonay/sylvara/main/public/products/production-room-bundle-3.webp","3","Indoor Production Room Package",""
"zone-12-controller","Twelve-Zone Commercial Irrigation Controller","<p>Twelve independent valves, weather skip, and a cabinet that belongs on a pump house wall. The brain of an estate or farm block — not a hose-end timer.</p><p><strong>Is this right for me?</strong> More than four zones, or a property with beds, a greenhouse, and an orchard. A four-zone smart timer is enough for a typical yard.</p><ul><li>Zones: 12</li><li>Enclosure: Outdoor lockable</li><li>Weather: Rain skip + ET</li></ul>","HarvestHome","Irrigation & Water","irrigation, controller, commercial, automation, zones","TRUE","Title","Default","HH-0135","3629","shopify","40","deny","manual","890.00","","TRUE","TRUE","https://raw.githubusercontent.com/arcmonay/sylvara/main/public/products/zone-12-controller.webp","1","Twelve-Zone Commercial Irrigation Controller","active"
"zone-12-controller","","","","","","","","","","","","","","","","","","","https://raw.githubusercontent.com/arcmonay/sylvara/main/public/products/zone-12-controller-2.webp","2","Twelve-Zone Commercial Irrigation Controller",""
"zone-12-controller","","","","","","","","","","","","","","","","","","","https://raw.githubusercontent.com/arcmonay/sylvara/main/public/products/zone-12-controller-3.webp","3","Twelve-Zone Commercial Irrigation Controller",""
"acre-drip-package","One-Acre Drip Irrigation Package","<p>Mainline, laterals, filters, valves, and emitters laid out for a one-acre food block. Full irrigation — not a 50-foot starter kit with ambition.</p><p><strong>Is this right for me?</strong> A measured acre of beds or orchard. Measure twice; this kit assumes a rectangular block and a real water source.</p><p><strong>Included:</strong></p><ul><li>1-inch mainline coil</li><li>Drip laterals and emitters</li><li>Zone valves (6)</li><li>Air relief and flush fittings</li><li>Layout drawing</li></ul><ul><li>Coverage: 1 acre</li><li>Mainline: 1 in</li><li>Zones: 6 included</li></ul>","HarvestHome","Irrigation & Water","irrigation, drip, commercial, acre, farm, bundle","TRUE","Title","Default","HH-0136","145149","shopify","41","deny","manual","4280.00","","TRUE","TRUE","https://raw.githubusercontent.com/arcmonay/sylvara/main/public/products/acre-drip-package.webp","1","One-Acre Drip Irrigation Package","active"
"acre-drip-package","","","","","","","","","","","","","","","","","","","https://raw.githubusercontent.com/arcmonay/sylvara/main/public/products/acre-drip-package-2.webp","2","One-Acre Drip Irrigation Package",""
"acre-drip-package","","","","","","","","","","","","","","","","","","","https://raw.githubusercontent.com/arcmonay/sylvara/main/public/products/acre-drip-package-3.webp","3","One-Acre Drip Irrigation Package",""
"fertigation-injector","Dosatron-Style Fertigation Injector","<p>A water-driven injector that meters concentrate into the mainline. Greenhouse tomatoes, Dutch buckets, and acre drip all want this between the filter and the first valve.</p><p><strong>Is this right for me?</strong> If you already run drip or Dutch buckets and are mixing by hand. Skip it on a 4×8 with a watering can.</p><ul><li>Ratio: 1:100 to 1:500</li><li>Inlet: 3/4 in</li><li>Drive: Water-powered</li></ul>","HarvestHome","Irrigation & Water","irrigation, fertigation, injector, commercial, hydroponics","TRUE","Title","Default","HH-0137","6350","shopify","42","deny","manual","1860.00","","TRUE","TRUE","https://raw.githubusercontent.com/arcmonay/sylvara/main/public/products/fertigation-injector.webp","1","Dosatron-Style Fertigation Injector","active"
"fertigation-injector","","","","","","","","","","","","","","","","","","","https://raw.githubusercontent.com/arcmonay/sylvara/main/public/products/fertigation-injector-2.webp","2","Dosatron-Style Fertigation Injector",""
"fertigation-injector","","","","","","","","","","","","","","","","","","","https://raw.githubusercontent.com/arcmonay/sylvara/main/public/products/fertigation-injector-3.webp","3","Dosatron-Style Fertigation Injector",""
"filter-station-2inch","2-Inch Sand & Screen Filter Station","<p>A skid-mounted 2-inch sand filter plus a screen, gauges, and a backflush. Well grit, pond algae, and roof water will destroy emitters without this.</p><p><strong>Is this right for me?</strong> Wells, ponds, and cisterns. City water with a disc filter is usually enough for a backyard kit.</p><ul><li>Inlet: 2 in</li><li>Media: Sand + 120 mesh screen</li><li>Backflush: Manual</li></ul>","HarvestHome","Irrigation & Water","irrigation, filter, commercial, well, pump","TRUE","Title","Default","HH-0138","39009","shopify","43","deny","manual","1280.00","","TRUE","TRUE","https://raw.githubusercontent.com/arcmonay/sylvara/main/public/products/filter-station-2inch.webp","1","2-Inch Sand & Screen Filter Station","active"
"filter-station-2inch","","","","","","","","","","","","","","","","","","","https://raw.githubusercontent.com/arcmonay/sylvara/main/public/products/filter-station-2inch-2.webp","2","2-Inch Sand & Screen Filter Station",""
"filter-station-2inch","","","","","","","","","","","","","","","","","","","https://raw.githubusercontent.com/arcmonay/sylvara/main/public/products/filter-station-2inch-3.webp","3","2-Inch Sand & Screen Filter Station",""
"well-pump-irrigation","Irrigation Well Pump — 2 HP","<p>A 2-horsepower jet/submersible-ready pump packaged for irrigation duty: pressure tank tap, check valve, and a switch. Moves well water to a filter station and out to the field.</p><p><strong>Is this right for me?</strong> A well you already own and a licensed installer. We sell the pump; we do not drill.</p><ul><li>Power: 2 HP</li><li>Outlet: 1.25 in</li><li>Switch: Pressure</li></ul>","HarvestHome","Irrigation & Water","irrigation, pump, well, commercial","TRUE","Title","Default","HH-0139","21772","shopify","44","deny","manual","2140.00","","TRUE","TRUE","https://raw.githubusercontent.com/arcmonay/sylvara/main/public/products/well-pump-irrigation.webp","1","Irrigation Well Pump — 2 HP","active"
"well-pump-irrigation","","","","","","","","","","","","","","","","","","","https://raw.githubusercontent.com/arcmonay/sylvara/main/public/products/well-pump-irrigation-2.webp","2","Irrigation Well Pump — 2 HP",""
"well-pump-irrigation","","","","","","","","","","","","","","","","","","","https://raw.githubusercontent.com/arcmonay/sylvara/main/public/products/well-pump-irrigation-3.webp","3","Irrigation Well Pump — 2 HP",""
"cistern-1000","Cistern 1,000 gal","<p>A 1,000-gallon polyethylene cistern for rain harvest, well buffering, or greenhouse makeup water. Sits on a pad; plumbing is 2-inch.</p><p><strong>Is this right for me?</strong> Properties that outgrew the 250-gallon tank. You need a pad and an overflow plan.</p><ul><li>Capacity: 1,000 gal</li><li>Material: Potable polyethylene</li><li>Outlet: 2 in</li></ul>","HarvestHome","Irrigation & Water","irrigation, cistern, tank, rain, commercial, water","TRUE","Title","Default","HH-0140","81647","shopify","45","deny","manual","3480.00","","TRUE","TRUE","https://raw.githubusercontent.com/arcmonay/sylvara/main/public/products/cistern-1000.webp","1","Cistern 1,000 gal","active"
"cistern-1000","","","","","","","","","","","","","","","","","","","https://raw.githubusercontent.com/arcmonay/sylvara/main/public/products/cistern-1000-2.webp","2","Cistern 1,000 gal",""
"cistern-1000","","","","","","","","","","","","","","","","","","","https://raw.githubusercontent.com/arcmonay/sylvara/main/public/products/cistern-1000-3.webp","3","Cistern 1,000 gal",""
"cistern-2500","Cistern 2,500 gal","<p>A 2,500-gallon cistern for acre irrigation, greenhouse ranges, and properties that store a week of water. The tank you put behind the barn.</p><p><strong>Is this right for me?</strong> Acre drip, multiple greenhouses, or a household plus production. Overkill for a suburban 4×8.</p><ul><li>Capacity: 2,500 gal</li><li>Outlet: 2 in</li><li>Lid: Lockable manway</li></ul>","HarvestHome","Irrigation & Water","irrigation, cistern, tank, commercial, rain","TRUE","Title","Default","HH-0141","154221","shopify","46","deny","manual","6890.00","","TRUE","TRUE","https://raw.githubusercontent.com/arcmonay/sylvara/main/public/products/cistern-2500.webp","1","Cistern 2,500 gal","active"
"cistern-2500","","","","","","","","","","","","","","","","","","","https://raw.githubusercontent.com/arcmonay/sylvara/main/public/products/cistern-2500-2.webp","2","Cistern 2,500 gal",""
"cistern-2500","","","","","","","","","","","","","","","","","","","https://raw.githubusercontent.com/arcmonay/sylvara/main/public/products/cistern-2500-3.webp","3","Cistern 2,500 gal",""
"boom-irrigation-gh","Greenhouse Irrigation Boom","<p>A traveling boom that waters benches evenly — the greenhouse equivalent of a farm center-pivot, sized for a 20-foot bay. Stops the hose-dragging.</p><p><strong>Is this right for me?</strong> A production house with a clear aisle. Not for a 6×8 backyard house.</p><ul><li>Span: Up to 20 ft bay</li><li>Drive: Gear motor</li><li>Coverage: Overhead spray</li></ul>","HarvestHome","Greenhouses","greenhouse, irrigation, boom, commercial","TRUE","Title","Default","HH-0142","95254","shopify","47","deny","manual","5240.00","","TRUE","TRUE","https://raw.githubusercontent.com/arcmonay/sylvara/main/public/products/boom-irrigation-gh.webp","1","Greenhouse Irrigation Boom","active"
"boom-irrigation-gh","","","","","","","","","","","","","","","","","","","https://raw.githubusercontent.com/arcmonay/sylvara/main/public/products/boom-irrigation-gh-2.webp","2","Greenhouse Irrigation Boom",""
"boom-irrigation-gh","","","","","","","","","","","","","","","","","","","https://raw.githubusercontent.com/arcmonay/sylvara/main/public/products/boom-irrigation-gh-3.webp","3","Greenhouse Irrigation Boom",""
"vfd-pump-skid","VFD Irrigation Pump Skid","<p>A variable-frequency pump on a skid: pressure stays steady as zones open and close. The piece between a cistern and a one-acre drip block.</p><p><strong>Is this right for me?</strong> Multiple zones, a cistern, or a well that should not hammer. A utility transfer pump is not this.</p><ul><li>Drive: VFD</li><li>Outlet: 2 in</li><li>Mount: Powder-coated skid</li></ul>","HarvestHome","Irrigation & Water","irrigation, pump, vfd, commercial, skid","TRUE","Title","Default","HH-0143","63503","shopify","12","deny","manual","4680.00","","TRUE","TRUE","https://raw.githubusercontent.com/arcmonay/sylvara/main/public/products/vfd-pump-skid.webp","1","VFD Irrigation Pump Skid","active"
"vfd-pump-skid","","","","","","","","","","","","","","","","","","","https://raw.githubusercontent.com/arcmonay/sylvara/main/public/products/vfd-pump-skid-2.webp","2","VFD Irrigation Pump Skid",""
"vfd-pump-skid","","","","","","","","","","","","","","","","","","","https://raw.githubusercontent.com/arcmonay/sylvara/main/public/products/vfd-pump-skid-3.webp","3","VFD Irrigation Pump Skid",""
"estate-irrigation-quote","Estate & Farm Irrigation — Quoted System","<p>Multi-acre drip, boom, cisterns, pumps, and fertigation specced to a site plan. Not a cart SKU — a designed water system.</p><p><strong>Is this right for me?</strong> Properties larger than an acre, or mixed greenhouse and field. Use the one-acre package if the layout is simple.</p><ul><li>Type: Quoted irrigation project</li></ul>","HarvestHome","Irrigation & Water","irrigation, commercial, quote, farm, estate, pro","TRUE","Title","Default","HH-0144","454","shopify","0","deny","manual","18500.00","","TRUE","TRUE","https://raw.githubusercontent.com/arcmonay/sylvara/main/public/products/estate-irrigation-quote.webp","1","Estate & Farm Irrigation — Quoted System","draft"
"estate-irrigation-quote","","","","","","","","","","","","","","","","","","","https://raw.githubusercontent.com/arcmonay/sylvara/main/public/products/estate-irrigation-quote-2.webp","2","Estate & Farm Irrigation — Quoted System",""
"estate-irrigation-quote","","","","","","","","","","","","","","","","","","","https://raw.githubusercontent.com/arcmonay/sylvara/main/public/products/estate-irrigation-quote-3.webp","3","Estate & Farm Irrigation — Quoted System",""
"invessel-composter-1yd","In-Vessel Composter — 1 Cubic Yard","<p>A rotating in-vessel unit that takes kitchen and garden waste without a backyard pile. Thermophilic temps, a leachate drain, and a lid that keeps raccoons out. The industrial tumbler scaled for a restaurant, school, or serious homestead.</p><p><strong>Is this right for me?</strong> A kitchen that produces real volume, or a garden that outgrew the dual tumbler. Not for an apartment.</p><ul><li>Volume: 1 cu yd</li><li>Action: Insulated vessel, crank or motor</li><li>Drain: Leachate tap</li></ul>","HarvestHome","Sustainable Gardening","compost, industrial, in-vessel, commercial, soil","TRUE","Title","Default","HH-0145","190509","shopify","14","deny","manual","4680.00","","TRUE","TRUE","https://raw.githubusercontent.com/arcmonay/sylvara/main/public/products/invessel-composter-1yd.webp","1","In-Vessel Composter — 1 Cubic Yard","active"
"invessel-composter-1yd","","","","","","","","","","","","","","","","","","","https://raw.githubusercontent.com/arcmonay/sylvara/main/public/products/invessel-composter-1yd-2.webp","2","In-Vessel Composter — 1 Cubic Yard",""
"dual-bay-industrial-tumbler","Dual-Bay Industrial Tumbler","<p>Two 1/2-yard steel bays on a shared axle. Fill one, finish the other — the farm version of the backyard dual tumbler.</p><p><strong>Is this right for me?</strong> A homestead or small farm. The 1-yard in-vessel if you need heat and odor control.</p><ul><li>Bays: 2 × 1/2 yd</li><li>Material: Powder-coated steel</li></ul>","HarvestHome","Sustainable Gardening","compost, industrial, tumbler, commercial","TRUE","Title","Default","HH-0146","108862","shopify","15","deny","manual","2140.00","","TRUE","TRUE","https://raw.githubusercontent.com/arcmonay/sylvara/main/public/products/dual-bay-industrial-tumbler.webp","1","Dual-Bay Industrial Tumbler","active"
"dual-bay-industrial-tumbler","","","","","","","","","","","","","","","","","","","https://raw.githubusercontent.com/arcmonay/sylvara/main/public/products/dual-bay-industrial-tumbler-2.webp","2","Dual-Bay Industrial Tumbler",""
"dual-bay-industrial-tumbler","","","","","","","","","","","","","","","","","","","https://raw.githubusercontent.com/arcmonay/sylvara/main/public/products/dual-bay-industrial-tumbler-3.webp","3","Dual-Bay Industrial Tumbler",""
"invessel-5yard-quote","In-Vessel Composter — 5 Yard (Quoted)","<p>A 5-cubic-yard in-vessel system for farms, campuses, and food businesses. Motorized, insulated, and specced to your waste stream.</p><p><strong>Is this right for me?</strong> Institutions and farms with a real waste stream. The 1-yard unit is the retail step.</p><ul><li>Volume: 5 cu yd</li><li>Drive: Motorized</li><li>Type: Quoted</li></ul>","HarvestHome","Sustainable Gardening","compost, industrial, commercial, quote, pro","TRUE","Title","Default","HH-0147","816466","shopify","0","deny","manual","24500.00","","TRUE","TRUE","https://raw.githubusercontent.com/arcmonay/sylvara/main/public/products/invessel-5yard-quote.webp","1","In-Vessel Composter — 5 Yard (Quoted)","draft"
"invessel-5yard-quote","","","","","","","","","","","","","","","","","","","https://raw.githubusercontent.com/arcmonay/sylvara/main/public/products/invessel-5yard-quote-2.webp","2","In-Vessel Composter — 5 Yard (Quoted)",""
"invessel-5yard-quote","","","","","","","","","","","","","","","","","","","https://raw.githubusercontent.com/arcmonay/sylvara/main/public/products/invessel-5yard-quote-3.webp","3","In-Vessel Composter — 5 Yard (Quoted)",""
"aerated-static-pile-kit","Aerated Static Pile Kit","<p>Perforated pipe, a blower, and a timer to run a static compost pile with air instead of turning. The farm method: wood chips, food scraps, and a pile that heats without a daily fork.</p><p><strong>Is this right for me?</strong> A yard or farm with space for a 10-foot pile. In-vessel if neighbors are close.</p><ul><li>Blower: Included</li><li>Pipe: Perforated 4 in</li><li>Control: Cycle timer</li></ul>","HarvestHome","Sustainable Gardening","compost, aerated, static pile, farm, industrial","TRUE","Title","Default","HH-0148","39009","shopify","17","deny","manual","3280.00","","TRUE","TRUE","https://raw.githubusercontent.com/arcmonay/sylvara/main/public/products/aerated-static-pile-kit.webp","1","Aerated Static Pile Kit","active"
"aerated-static-pile-kit","","","","","","","","","","","","","","","","","","","https://raw.githubusercontent.com/arcmonay/sylvara/main/public/products/aerated-static-pile-kit-2.webp","2","Aerated Static Pile Kit",""
"aerated-static-pile-kit","","","","","","","","","","","","","","","","","","","https://raw.githubusercontent.com/arcmonay/sylvara/main/public/products/aerated-static-pile-kit-3.webp","3","Aerated Static Pile Kit",""
"septic-tank-1000","Septic Tank — 1,000 gal","<p>A 1,000-gallon two-compartment septic tank for a garden house, cabin, or small farm dwelling. Inlet baffle, outlet tee, and risers — the underground tank rural properties actually need.</p><p><strong>Is this right for me?</strong> A building that is not on municipal sewer. Licensed install in most counties — we ship the tank, not the permit.</p><ul><li>Capacity: 1,000 gal</li><li>Compartments: 2</li><li>Material: Polyethylene or concrete (quoted)</li></ul>","HarvestHome","Irrigation & Water","septic, tank, wastewater, rural, commercial","TRUE","Title","Default","HH-0149","217724","shopify","18","deny","manual","2480.00","","TRUE","TRUE","https://raw.githubusercontent.com/arcmonay/sylvara/main/public/products/septic-tank-1000.webp","1","Septic Tank — 1,000 gal","active"
"septic-tank-1000","","","","","","","","","","","","","","","","","","","https://raw.githubusercontent.com/arcmonay/sylvara/main/public/products/septic-tank-1000-2.webp","2","Septic Tank — 1,000 gal",""
"septic-tank-1000","","","","","","","","","","","","","","","","","","","https://raw.githubusercontent.com/arcmonay/sylvara/main/public/products/septic-tank-1000-3.webp","3","Septic Tank — 1,000 gal",""
"septic-tank-1500","Septic Tank — 1,500 gal","<p>A 1,500-gallon septic tank for a household plus a wash-down greenhouse. Sized when the 1,000-gallon unit is already tight on bedrooms or process water.</p><p><strong>Is this right for me?</strong> Larger dwellings and mixed garden-house use. Confirm bedroom count with your county.</p><ul><li>Capacity: 1,500 gal</li><li>Compartments: 2</li></ul>","HarvestHome","Irrigation & Water","septic, tank, wastewater, rural","TRUE","Title","Default","HH-0150","281227","shopify","19","deny","manual","3280.00","","TRUE","TRUE","https://raw.githubusercontent.com/arcmonay/sylvara/main/public/products/septic-tank-1500.webp","1","Septic Tank — 1,500 gal","active"
"septic-tank-1500","","","","","","","","","","","","","","","","","","","https://raw.githubusercontent.com/arcmonay/sylvara/main/public/products/septic-tank-1500-2.webp","2","Septic Tank — 1,500 gal",""
"septic-tank-1500","","","","","","","","","","","","","","","","","","","https://raw.githubusercontent.com/arcmonay/sylvara/main/public/products/septic-tank-1500-3.webp","3","Septic Tank — 1,500 gal",""
"septic-tank-2500","Septic Tank — 2,500 gal","<p>A 2,500-gallon septic tank for farm campuses, event barns, and multi-building sites. Industrial-scale underground storage — not a backyard rain barrel.</p><p><strong>Is this right for me?</strong> Multi-building rural sites. Engineers and permits first.</p><ul><li>Capacity: 2,500 gal</li><li>Service: Commercial / farm</li></ul>","HarvestHome","Irrigation & Water","septic, tank, wastewater, commercial, industrial","TRUE","Title","Default","HH-0151","444520","shopify","20","deny","manual","4980.00","","TRUE","TRUE","https://raw.githubusercontent.com/arcmonay/sylvara/main/public/products/septic-tank-2500.webp","1","Septic Tank — 2,500 gal","active"
"septic-tank-2500","","","","","","","","","","","","","","","","","","","https://raw.githubusercontent.com/arcmonay/sylvara/main/public/products/septic-tank-2500-2.webp","2","Septic Tank — 2,500 gal",""
"septic-tank-2500","","","","","","","","","","","","","","","","","","","https://raw.githubusercontent.com/arcmonay/sylvara/main/public/products/septic-tank-2500-3.webp","3","Septic Tank — 2,500 gal",""
"pump-chamber-500","Effluent Pump Chamber — 500 gal","<p>A 500-gallon pump tank with floats and a discharge assembly. When the drain field sits uphill of the septic tank, this is the lift station.</p><p><strong>Is this right for me?</strong> Sites where gravity will not carry effluent. Pair with the septic tank, not instead of it.</p><ul><li>Capacity: 500 gal</li><li>Pump: Effluent, included</li></ul>","HarvestHome","Irrigation & Water","septic, pump, chamber, wastewater","TRUE","Title","Default","HH-0152","72575","shopify","21","deny","manual","1680.00","","TRUE","TRUE","https://raw.githubusercontent.com/arcmonay/sylvara/main/public/products/pump-chamber-500.webp","1","Effluent Pump Chamber — 500 gal","active"
"pump-chamber-500","","","","","","","","","","","","","","","","","","","https://raw.githubusercontent.com/arcmonay/sylvara/main/public/products/pump-chamber-500-2.webp","2","Effluent Pump Chamber — 500 gal",""
"pump-chamber-500","","","","","","","","","","","","","","","","","","","https://raw.githubusercontent.com/arcmonay/sylvara/main/public/products/pump-chamber-500-3.webp","3","Effluent Pump Chamber — 500 gal",""
"atu-treatment-quote","Aerobic Treatment Unit — Quoted","<p>An aerobic treatment unit for sites that cannot perc a conventional field. Blower, media, and a tank train — engineered to the county.</p><p><strong>Is this right for me?</strong> Failed perc tests and tight lots. Conventional tanks first if the soil allows.</p><ul><li>Type: Quoted ATU system</li></ul>","HarvestHome","Irrigation & Water","septic, atu, aerobic, quote, wastewater, pro","TRUE","Title","Default","HH-0153","454","shopify","0","deny","manual","18500.00","","TRUE","TRUE","https://raw.githubusercontent.com/arcmonay/sylvara/main/public/products/atu-treatment-quote.webp","1","Aerobic Treatment Unit — Quoted","draft"
"atu-treatment-quote","","","","","","","","","","","","","","","","","","","https://raw.githubusercontent.com/arcmonay/sylvara/main/public/products/atu-treatment-quote-2.webp","2","Aerobic Treatment Unit — Quoted",""
"atu-treatment-quote","","","","","","","","","","","","","","","","","","","https://raw.githubusercontent.com/arcmonay/sylvara/main/public/products/atu-treatment-quote-3.webp","3","Aerobic Treatment Unit — Quoted",""
"effluent-baffle-kit","Septic Outlet Baffle & Filter Kit","<p>An outlet tee, effluent filter, and riser lid hardware. The cheap insurance that keeps solids out of the drain field.</p><p><strong>Is this right for me?</strong> Any septic tank we sell, and most existing tanks that never got a filter.</p><ul><li>Filter: Effluent cartridge</li><li>Tee: 4 in</li></ul>","HarvestHome","Irrigation & Water","septic, filter, baffle, parts","TRUE","Title","Default","HH-0154","3629","shopify","23","deny","manual","218.00","","TRUE","TRUE","https://raw.githubusercontent.com/arcmonay/sylvara/main/public/products/effluent-baffle-kit.webp","1","Septic Outlet Baffle & Filter Kit","active"
"effluent-baffle-kit","","","","","","","","","","","","","","","","","","","https://raw.githubusercontent.com/arcmonay/sylvara/main/public/products/effluent-baffle-kit-2.webp","2","Septic Outlet Baffle & Filter Kit",""
"effluent-baffle-kit","","","","","","","","","","","","","","","","","","","https://raw.githubusercontent.com/arcmonay/sylvara/main/public/products/effluent-baffle-kit-3.webp","3","Septic Outlet Baffle & Filter Kit",""
"grease-interceptor-500","Grease Interceptor — 500 gal","<p>A 500-gallon grease interceptor for a farm kitchen, tasting room, or greenhouse wash-pack. Keeps fats out of the septic tank.</p><p><strong>Is this right for me?</strong> Commercial kitchens on septic. Households do not need this.</p><ul><li>Capacity: 500 gal</li><li>Service: Kitchen waste</li></ul>","HarvestHome","Irrigation & Water","septic, grease, interceptor, commercial, kitchen","TRUE","Title","Default","HH-0155","99790","shopify","24","deny","manual","1480.00","","TRUE","TRUE","https://raw.githubusercontent.com/arcmonay/sylvara/main/public/products/grease-interceptor-500.webp","1","Grease Interceptor — 500 gal","active"
"grease-interceptor-500","","","","","","","","","","","","","","","","","","","https://raw.githubusercontent.com/arcmonay/sylvara/main/public/products/grease-interceptor-500-2.webp","2","Grease Interceptor — 500 gal",""
"grease-interceptor-500","","","","","","","","","","","","","","","","","","","https://raw.githubusercontent.com/arcmonay/sylvara/main/public/products/grease-interceptor-500-3.webp","3","Grease Interceptor — 500 gal",""
"underground-cistern-1700","Underground Rain Cistern — 1,700 gal","<p>A buried 1,700-gallon cistern with a manway and a pump vault. Roof water stored out of sight — then lifted to drip, a greenhouse, or a garden house.</p><p><strong>Is this right for me?</strong> Properties that do not want a tank in the yard. Excavation is the real cost.</p><ul><li>Capacity: 1,700 gal</li><li>Install: Buried</li><li>Outlet: Pump vault</li></ul>","HarvestHome","Irrigation & Water","irrigation, cistern, underground, rain, tank","TRUE","Title","Default","HH-0156","127006","shopify","25","deny","manual","4280.00","","TRUE","TRUE","https://raw.githubusercontent.com/arcmonay/sylvara/main/public/products/underground-cistern-1700.webp","1","Underground Rain Cistern — 1,700 gal","active"
"underground-cistern-1700","","","","","","","","","","","","","","","","","","","https://raw.githubusercontent.com/arcmonay/sylvara/main/public/products/underground-cistern-1700-2.webp","2","Underground Rain Cistern — 1,700 gal",""
"underground-cistern-1700","","","","","","","","","","","","","","","","","","","https://raw.githubusercontent.com/arcmonay/sylvara/main/public/products/underground-cistern-1700-3.webp","3","Underground Rain Cistern — 1,700 gal",""
"pro-quote","Commercial Project Quote","<p>A placeholder SKU for greenhouse bays, bulk seed, and multi-zone irrigation we spec with you. Not a cart impulse — a conversation.</p><p><strong>Is this right for me?</strong> Farms, garden centers, landscapers, and operators. Retail customers should shop the kits.</p><p><strong>Included:</strong></p><ul><li>Discovery call</li><li>Written quote</li></ul><ul><li>Type: Quoted project</li></ul>","HarvestHome","Complete Growing Systems","pro, quote, commercial, wholesale","TRUE","Title","Default","HH-0157","454","shopify","0","deny","manual","0.00","","TRUE","TRUE","https://raw.githubusercontent.com/arcmonay/sylvara/main/public/products/pro-quote.webp","1","Commercial Project Quote","draft"
"pro-quote","","","","","","","","","","","","","","","","","","","https://raw.githubusercontent.com/arcmonay/sylvara/main/public/products/pro-quote-2.webp","2","Commercial Project Quote",""
"pro-quote","","","","","","","","","","","","","","","","","","","https://raw.githubusercontent.com/arcmonay/sylvara/main/public/products/pro-quote-3.webp","3","Commercial Project Quote",""